City_ID,City,Country,Date,Lat,Lng,Max Temp,Humidity,Cloudiness,Wind Speed
0,Bermeo,ES,2022-05-22 14:29:49,43.4209,-2.7215,88.41,59,100,11.03
1,Punta Arenas,CL,2022-05-22 14:22:24,-53.15,-70.9167,37.51,70,75,14.97
2,Thompson,CA,2022-05-22 14:26:34,55.7435,-97.8558,51.96,46,20,5.75
3,Lypnyazhka,UA,2022-05-22 14:29:49,48.4469,31.0761,60.85,57,76,20.18
4,Tuatapere,NZ,2022-05-22 14:29:50,-46.1333,167.6833,46.36,83,98,8.46
5,Shimoda,JP,2022-05-22 14:29:50,34.6667,138.95,65.86,91,34,7.99
6,Talnakh,RU,2022-05-22 14:29:51,69.4865,88.3972,34.21,100,100,2.3
7,Albany,US,2022-05-22 14:23:05,42.6001,-73.9662,83.26,65,49,5.99
8,Mataura,NZ,2022-05-22 14:23:04,-46.1927,168.8643,43.97,94,99,6.38
9,Lebu,CL,2022-05-22 14:28:31,-37.6167,-73.65,54.75,97,100,22.62
10,Rikitea,PF,2022-05-22 14:23:08,-23.1203,-134.9692,75.72,76,15,12.88
11,Katsuura,JP,2022-05-22 14:23:05,35.1333,140.3,62.51,85,97,9.28
12,Ushuaia,AR,2022-05-22 14:22:04,-54.8,-68.3,33.46,100,40,0.0
13,Oga,IT,2022-05-22 14:29:51,46.4631,10.347,70.81,48,95,4.79
14,Victoria,HK,2022-05-22 14:25:56,22.2855,114.1577,79.18,81,100,17.0
15,Bambous Virieux,MU,2022-05-22 14:29:52,-20.3428,57.7575,75.45,73,40,9.22
16,Sao Jose Do Calcado,BR,2022-05-22 14:29:52,-21.0253,-41.6544,72.59,57,2,2.68
17,Hobart,AU,2022-05-22 14:29:52,-42.8794,147.3294,48.25,85,100,8.05
18,Bengkulu,ID,2022-05-22 14:29:53,-3.8004,102.2655,78.93,84,100,2.06
19,Cabo San Lucas,MX,2022-05-22 14:21:59,22.8909,-109.9124,72.7,69,5,12.08
20,Kapaa,US,2022-05-22 14:23:07,22.0752,-159.319,73.72,94,100,10.36
21,Bandar-E Lengeh,IR,2022-05-22 14:29:53,26.5579,54.8807,93.31,55,0,6.91
22,Butaritari,KI,2022-05-22 14:27:22,3.0707,172.7902,80.4,83,100,13.11
23,Sur,OM,2022-05-22 14:29:53,22.5667,59.5289,98.64,36,3,3.65
24,Veinticinco De Mayo,AR,2022-05-22 14:29:54,-35.4323,-60.1727,57.97,76,100,1.99
25,Sao Joao Da Barra,BR,2022-05-22 14:21:03,-21.6403,-41.0511,77.09,68,0,4.18
26,Tasiilaq,GL,2022-05-22 14:29:54,65.6145,-37.6368,35.76,83,100,1.28
27,Pokrovsk,UA,2022-05-22 14:29:54,48.282,37.1758,57.96,69,88,16.42
28,Luderitz,NA,2022-05-22 14:21:00,-26.6481,15.1594,70.11,46,8,16.62
29,Iwanai,JP,2022-05-22 14:29:54,42.9744,140.5089,57.49,89,100,3.53
30,Bredasdorp,ZA,2022-05-22 14:26:11,-34.5322,20.0403,69.17,50,13,11.48
31,Ahipara,NZ,2022-05-22 14:29:55,-35.1667,173.1667,59.34,77,100,9.26
32,Chifeng,CN,2022-05-22 14:29:55,42.2683,118.9636,69.66,43,99,16.35
33,Pangoa,PE,2022-05-22 14:28:31,-12.1167,-73.0,74.75,70,79,1.36
34,Yellowknife,CA,2022-05-22 14:26:44,62.456,-114.3525,36.12,80,100,13.8
35,Surt,LY,2022-05-22 14:29:55,31.2089,16.5887,75.2,33,0,11.68
36,Kodiak,US,2022-05-22 14:24:29,57.79,-152.4072,45.91,87,100,17.27
37,Souillac,MU,2022-05-22 14:29:56,-20.5167,57.5167,75.58,73,40,9.22
38,Busselton,AU,2022-05-22 14:26:17,-33.65,115.3333,61.11,68,95,22.24
39,Mahebourg,MU,2022-05-22 14:29:56,-20.4081,57.7,75.49,73,40,9.22
40,Bluff,NZ,2022-05-22 14:26:11,-46.6,168.3333,50.95,69,92,21.12
41,Norman Wells,CA,2022-05-22 14:29:57,65.282,-126.8329,37.44,93,75,5.75
42,Merrill,US,2022-05-22 14:29:57,45.1805,-89.6835,47.97,61,75,10.36
43,Solwezi,ZM,2022-05-22 14:30:57,-12.1688,26.3894,74.44,48,90,3.24
44,Puerto Ayora,EC,2022-05-22 14:26:19,-0.7393,-90.3518,75.16,81,19,7.63
45,Poum,NC,2022-05-22 14:30:57,-20.2333,164.0167,78.15,82,70,17.0
46,Cairns,AU,2022-05-22 14:30:24,-16.9167,145.7667,73.06,86,34,5.75
47,Palauig,PH,2022-05-22 14:30:58,15.435,119.9045,81.25,80,90,10.8
48,Kaitangata,NZ,2022-05-22 14:30:58,-46.2817,169.8464,44.85,91,90,9.51
49,Goundi,TD,2022-05-22 14:30:58,9.3627,17.366,100.04,24,100,4.12
50,Ribeira Grande,PT,2022-05-22 14:30:59,38.5167,-28.7,66.6,94,75,3.44
51,Mariinsk,RU,2022-05-22 14:30:59,56.2139,87.7472,64.62,74,100,6.46
52,Grand Gaube,MU,2022-05-22 14:30:59,-20.0064,57.6608,75.6,75,4,5.01
53,Qom,IR,2022-05-22 14:30:59,34.6401,50.8764,82.49,11,3,9.66
54,Along,IN,2022-05-22 14:31:00,28.1667,94.7667,70.09,97,29,1.01
55,Takoradi,GH,2022-05-22 14:31:00,4.8845,-1.7554,75.9,90,100,8.79
56,Aklavik,CA,2022-05-22 14:28:43,68.2191,-135.0107,26.6,86,100,8.05
57,Los Llanos De Aridane,ES,2022-05-22 14:31:00,28.6585,-17.9182,71.35,76,20,13.8
58,Ukiah,US,2022-05-22 14:31:01,39.1502,-123.2078,60.64,70,0,1.99
59,Henties Bay,NA,2022-05-22 14:31:01,-22.116,14.2845,66.67,51,2,11.68
60,Biak,ID,2022-05-22 14:31:01,-0.9131,122.8766,76.32,83,92,6.33
61,Airai,TL,2022-05-22 14:28:30,-8.9266,125.4092,58.26,92,34,3.47
62,Sao Filipe,CV,2022-05-22 14:27:19,14.8961,-24.4956,72.37,77,18,13.96
63,Nikolskoye,RU,2022-05-22 14:31:02,59.7035,30.7861,52.88,34,0,8.77
64,Ostrovnoy,RU,2022-05-22 14:31:02,68.0531,39.5131,33.58,68,7,12.62
65,Ekhabi,RU,2022-05-22 14:31:02,53.5102,142.9671,31.71,96,100,14.32
66,New Norfolk,AU,2022-05-22 14:27:20,-42.7826,147.0587,47.91,81,99,2.1
67,Avera,US,2022-05-22 14:31:03,33.194,-82.5271,77.05,61,77,9.48
68,Atasu,KZ,2022-05-22 14:23:09,48.6814,71.6433,56.93,30,61,16.51
69,East London,ZA,2022-05-22 14:31:03,-33.0153,27.9116,65.34,77,0,9.22
70,Kahului,US,2022-05-22 14:31:03,20.8947,-156.47,75.85,75,20,11.01
71,Arraial Do Cabo,BR,2022-05-22 14:31:04,-22.9661,-42.0278,75.16,64,20,10.36
72,Chuy,UY,2022-05-22 14:26:12,-33.6971,-53.4616,59.56,64,0,4.05
73,Adre,TD,2022-05-22 14:31:04,13.4667,22.2,99.14,9,79,5.91
74,Haines Junction,CA,2022-05-22 14:31:04,60.7522,-137.5108,31.95,80,100,1.14
75,Vilcun,CL,2022-05-22 14:31:04,-38.65,-72.2333,48.94,92,100,15.26
76,Port Alfred,ZA,2022-05-22 14:31:05,-33.5906,26.891,66.18,77,38,1.01
77,Jamestown,US,2022-05-22 14:24:11,42.097,-79.2353,70.05,86,20,11.5
78,Vostok,RU,2022-05-22 14:27:29,46.4856,135.8833,42.55,96,82,0.76
79,Umm Lajj,SA,2022-05-22 14:31:05,25.0213,37.2685,81.0,58,0,15.26
80,Mount Gambier,AU,2022-05-22 14:30:15,-37.8333,140.7667,42.71,93,1,0.0
81,Ponta Do Sol,PT,2022-05-22 14:31:05,32.6667,-17.1,72.23,74,13,1.21
82,Kaeo,NZ,2022-05-22 14:31:06,-35.1,173.7833,55.15,89,100,5.7
83,Tazovskiy,RU,2022-05-22 14:31:06,67.4667,78.7,36.14,93,98,11.1
84,Rock Sound,BS,2022-05-22 14:31:06,24.9,-76.2,78.94,80,91,16.35
85,Kharan,PK,2022-05-22 14:32:07,28.5833,65.4167,93.22,11,1,19.48
86,Guerrero Negro,MX,2022-05-22 14:32:07,27.9769,-114.0611,61.86,72,0,10.4
87,Hithadhoo,MV,2022-05-22 14:23:04,-0.6,73.0833,83.97,70,100,13.0
88,Pervomayskoye,RU,2022-05-22 14:32:07,43.919,46.7102,70.86,48,0,11.7
89,Mineros,BO,2022-05-22 14:32:08,-17.1167,-63.2333,73.94,59,100,3.67
90,Solkan,SI,2022-05-22 14:32:08,45.9714,13.6494,84.58,59,99,5.91
91,Severo-Kurilsk,RU,2022-05-22 14:32:08,50.6789,156.125,40.62,96,99,15.82
92,Khatanga,RU,2022-05-22 14:32:08,71.9667,102.5,32.68,90,100,6.64
93,Atuona,PF,2022-05-22 14:27:19,-9.8,-139.0333,77.88,80,26,16.35
94,Bathsheba,BB,2022-05-22 14:32:09,13.2167,-59.5167,86.61,66,20,21.85
95,Avarua,CK,2022-05-22 14:26:15,-21.2078,-159.775,75.25,94,75,8.05
96,Cape Town,ZA,2022-05-22 14:25:13,-33.9258,18.4232,67.1,68,20,8.05
97,Barrow,US,2022-05-22 14:32:09,71.2906,-156.7887,21.22,86,100,9.22
98,Narsaq,GL,2022-05-22 14:23:08,60.9167,-46.05,37.62,98,100,7.2
99,Gat,IL,2022-05-22 14:32:04,31.61,34.7642,76.82,39,0,9.64
100,Marathon,US,2022-05-22 14:32:10,44.9,-89.7668,47.95,63,75,12.66
101,Faanui,PF,2022-05-22 14:26:13,-16.4833,-151.75,80.31,71,5,10.47
102,Pochutla,MX,2022-05-22 14:32:10,15.7432,-96.4661,80.82,48,0,5.5
103,Wenling,CN,2022-05-22 14:32:10,28.3669,121.36,64.67,92,100,6.53
104,Kavieng,PG,2022-05-22 14:32:11,-2.5744,150.7967,82.98,69,84,16.35
105,Sitka,US,2022-05-22 14:32:11,57.0531,-135.33,49.89,71,0,5.75
106,Bulungu,CD,2022-05-22 14:32:11,-4.55,18.6,87.01,55,70,1.16
107,Japura,ID,2022-05-22 14:32:12,-0.3167,102.35,76.15,95,19,2.8
108,Saldanha,ZA,2022-05-22 14:32:12,-33.0117,17.9442,68.05,74,95,7.67
109,Carnarvon,AU,2022-05-22 14:32:12,-24.8667,113.6333,72.03,68,97,16.33
110,Lagoa,PT,2022-05-22 14:27:28,39.05,-27.9833,62.4,91,99,7.02
111,Waingapu,ID,2022-05-22 14:32:12,-9.6567,120.2641,77.61,82,79,7.67
112,Salalah,OM,2022-05-22 14:32:13,17.0151,54.0924,86.09,79,40,14.97
113,Kavaratti,IN,2022-05-22 14:32:13,10.5669,72.642,83.23,79,100,16.28
114,Ustye,RU,2022-05-22 14:32:13,59.6304,39.736,42.67,55,100,9.22
115,Agirish,RU,2022-05-22 14:32:14,61.9247,63.0231,44.46,95,100,5.97
116,Merauke,ID,2022-05-22 14:32:14,-8.4667,140.3333,78.76,86,13,12.59
117,Vaini,TO,2022-05-22 14:27:29,-21.2,-175.2,73.56,94,20,3.44
118,San Juan,AR,2022-05-22 14:30:41,-31.5375,-68.5364,69.15,23,94,11.61
119,Ponta Delgada,PT,2022-05-22 14:32:14,37.7333,-25.6667,73.51,100,75,12.66
120,Kachug,RU,2022-05-22 14:32:14,53.9606,105.8817,48.83,77,90,1.54
121,Miranda,CO,2022-05-22 14:32:15,3.2499,-76.2281,75.33,68,28,4.03
122,Ornes,NO,2022-05-22 14:32:15,66.8689,13.7078,50.29,84,100,1.86
123,Hermanus,ZA,2022-05-22 14:26:14,-34.4187,19.2345,65.8,69,25,12.28
124,Saskylakh,RU,2022-05-22 14:28:42,71.9167,114.0833,34.48,100,100,3.74
125,Vila Velha,BR,2022-05-22 14:31:59,-20.3297,-40.2925,76.95,61,75,9.22
126,Provideniya,RU,2022-05-22 14:23:09,64.3833,-173.3,43.88,59,100,10.36
127,Aksu,CN,2022-05-22 14:32:15,41.1231,80.2644,79.36,22,100,10.76
128,Ambon,ID,2022-05-22 14:32:16,-3.6954,128.1814,77.14,88,40,3.44
129,Comodoro Rivadavia,AR,2022-05-22 14:27:25,-45.8667,-67.5,44.46,49,0,12.66
130,Tuktoyaktuk,CA,2022-05-22 14:26:13,69.4541,-133.0374,26.04,74,30,7.52
131,Tungor,RU,2022-05-22 14:32:16,53.3808,142.9564,31.84,96,100,14.0
132,Pevek,RU,2022-05-22 14:26:16,69.7008,170.3133,33.75,86,28,10.6
133,Benin,BJ,2022-05-22 14:32:17,9.5,2.25,85.91,51,100,4.21
134,Xining,CN,2022-05-22 14:33:17,36.6167,101.7667,53.46,67,65,3.62
135,Moose Factory,CA,2022-05-22 14:33:17,51.2585,-80.6094,42.8,65,100,3.44
136,Luxor,EG,2022-05-22 14:33:17,25.6989,32.6421,91.45,17,0,11.5
137,Parabel,RU,2022-05-22 14:33:18,58.6978,81.4825,68.13,54,98,16.31
138,Port-Gentil,GA,2022-05-22 14:33:18,-0.7193,8.7815,82.36,74,40,14.97
139,Kayerkan,RU,2022-05-22 14:33:18,69.3497,87.7602,33.53,100,100,3.18
140,Ancud,CL,2022-05-22 14:32:34,-41.8697,-73.8203,47.75,72,97,10.76
141,Hambantota,LK,2022-05-22 14:33:19,6.1241,81.1185,82.74,89,20,8.05
142,Esperance,AU,2022-05-22 14:33:19,-33.8667,121.9,65.7,71,14,13.2
143,Sao Lourenco Do Sul,BR,2022-05-22 14:33:19,-31.3653,-51.9783,61.32,65,100,4.25
144,Hobyo,SO,2022-05-22 14:33:19,5.3505,48.5268,81.86,78,94,25.93
145,Lishan,CN,2022-05-22 14:33:20,31.8576,113.2951,67.41,81,24,2.59
146,Aksarka,RU,2022-05-22 14:33:20,66.5606,67.7975,34.2,88,100,24.87
147,Constitucion,CL,2022-05-22 14:27:26,-35.3333,-72.4167,55.81,67,100,7.14
148,Rio Gallegos,AR,2022-05-22 14:33:20,-51.6226,-69.2181,32.05,80,0,13.8
149,Tigzirt,DZ,2022-05-22 14:33:21,36.8886,4.1198,84.99,41,6,8.99
150,Tabou,CI,2022-05-22 14:27:21,4.423,-7.3528,79.9,70,99,9.24
151,San Vicente,AR,2022-05-22 14:33:21,-26.6167,-54.1333,65.59,44,88,2.62
152,Broken Hill,AU,2022-05-22 14:27:27,-31.95,141.4333,56.68,77,38,8.34
153,Saint-Philippe,RE,2022-05-22 14:33:21,-21.3585,55.7679,76.59,78,43,12.3
154,Nanortalik,GL,2022-05-22 14:33:22,60.1432,-45.2371,37.49,97,100,17.72
155,Clyde River,CA,2022-05-22 14:33:22,70.4692,-68.5914,19.63,86,100,29.93
156,Kamenka,RU,2022-05-22 14:33:22,51.3223,42.7678,45.97,95,100,13.49
157,Half Moon Bay,US,2022-05-22 14:33:23,37.4636,-122.4286,61.88,82,100,11.5
158,Rocha,UY,2022-05-22 14:33:23,-34.4833,-54.3333,63.86,52,0,2.46
159,Sola,VU,2022-05-22 14:28:37,-13.8833,167.55,80.96,75,19,2.01
160,Mar Del Plata,AR,2022-05-22 14:24:18,-38.0023,-57.5575,55.94,76,75,9.22
161,Obihiro,JP,2022-05-22 14:33:23,42.9172,143.2044,54.28,92,100,1.25
162,Colomi,BO,2022-05-22 14:33:23,-17.35,-65.8667,57.07,48,28,2.53
163,Taihe,CN,2022-05-22 14:33:24,30.8712,105.3845,69.46,76,76,4.74
164,Kondol,RU,2022-05-22 14:33:24,52.8189,45.058,56.26,75,100,8.48
165,Quatre Cocos,MU,2022-05-22 14:33:24,-20.2078,57.7625,75.31,75,20,15.46
166,Khipro,PK,2022-05-22 14:33:25,25.8285,69.3772,98.06,30,0,24.47
167,Pemba,MZ,2022-05-22 14:33:25,-12.974,40.5178,81.3,78,20,10.36
168,Port Blair,IN,2022-05-22 14:33:25,11.6667,92.75,84.24,84,75,12.66
169,Longyearbyen,SJ,2022-05-22 14:29:16,78.2186,15.6401,37.24,75,75,9.22
170,College,US,2022-05-22 14:30:12,64.8569,-147.8028,50.07,60,40,10.36
171,Cockburn Town,TC,2022-05-22 14:31:49,21.4612,-71.1419,79.5,78,59,18.97
172,Acajutla,SV,2022-05-22 14:33:26,13.5928,-89.8275,83.61,67,94,5.68
173,Havelock,US,2022-05-22 14:33:26,34.8791,-76.9013,78.98,79,100,14.97
174,Byron Bay,AU,2022-05-22 14:33:26,-28.65,153.6167,58.71,84,87,11.36
175,Saint-Joseph,RE,2022-05-22 14:33:26,-21.3667,55.6167,75.58,77,32,12.55
176,Batsfjord,NO,2022-05-22 14:33:27,70.6345,29.7185,44.53,87,75,16.11
177,Vanimo,PG,2022-05-22 14:33:27,-2.6741,141.3028,79.97,83,93,3.44
178,Pathein,MM,2022-05-22 14:33:27,16.7833,94.7333,82.18,82,96,8.63
179,Norfolk,US,2022-05-22 14:31:56,42.1668,-71.2495,92.3,60,0,6.91
180,Victor Harbor,AU,2022-05-22 14:34:28,-35.5667,138.6167,56.68,77,88,8.12
181,Bantry,IE,2022-05-22 14:34:28,51.6833,-9.45,58.78,68,72,16.73
182,San Patricio,US,2022-05-22 14:34:28,28.017,-97.5169,76.84,85,100,17.34
183,Noumea,NC,2022-05-22 14:30:04,-22.2763,166.4572,77.0,99,29,6.26
184,Qaanaaq,GL,2022-05-22 14:28:32,77.484,-69.3632,22.23,70,100,3.02
185,Yulara,AU,2022-05-22 14:34:28,-25.2406,130.9889,58.86,37,38,7.14
186,Eenhana,NA,2022-05-22 14:34:29,-17.4667,16.3333,77.36,11,0,3.18
187,Biswan,IN,2022-05-22 14:34:29,27.5,81.0,82.35,55,52,13.13
188,Dikson,RU,2022-05-22 14:26:16,73.5069,80.5464,29.01,88,100,8.66
189,Sterling,US,2022-05-22 14:34:29,39.0062,-77.4286,84.7,71,20,5.99
190,Cap Malheureux,MU,2022-05-22 14:34:30,-19.9842,57.6142,74.46,75,3,3.0
191,Orlik,RU,2022-05-22 14:34:30,52.5178,99.825,55.87,45,100,1.97
192,Iqaluit,CA,2022-05-22 14:29:54,63.7506,-68.5145,28.13,86,100,27.63
193,Portland,US,2022-05-22 14:31:35,45.5234,-122.6762,54.28,85,0,4.61
194,Bakchar,RU,2022-05-22 14:34:30,57.0186,82.0711,66.97,62,83,10.98
195,Seydi,TM,2022-05-22 14:34:31,39.4816,62.9137,74.39,22,2,5.44
196,Komsomolskiy,UZ,2022-05-22 14:27:28,40.4272,71.7189,59.72,55,40,6.91
197,Anadyr,RU,2022-05-22 14:34:31,64.75,177.4833,34.3,86,0,8.95
198,Tura,IN,2022-05-22 14:34:31,25.5198,90.2201,75.16,88,73,3.98
199,Karratha,AU,2022-05-22 14:34:32,-20.7377,116.8463,78.46,73,100,4.7
200,Hilo,US,2022-05-22 14:26:13,19.7297,-155.09,73.27,92,75,4.0
201,Laguna,US,2022-05-22 14:32:09,38.421,-121.4238,67.08,60,0,0.0
202,Tyumentsevo,RU,2022-05-22 14:34:32,53.3224,81.498,64.31,64,55,18.88
203,Touros,BR,2022-05-22 14:27:21,-5.1989,-35.4608,82.29,74,45,12.46
204,La Rioja,ES,2022-05-22 14:34:33,42.25,-2.5,83.98,24,100,14.83
205,Asau,RO,2022-05-22 14:34:33,46.4333,26.4,68.92,63,100,3.74
206,Coos Bay,US,2022-05-22 14:34:34,43.3665,-124.2179,50.99,93,100,5.75
207,Meulaboh,ID,2022-05-22 14:27:23,4.1363,96.1285,79.99,80,100,0.87
208,Saint George,US,2022-05-22 14:34:34,37.1041,-113.5841,64.8,19,0,1.01
209,Margate,GB,2022-05-22 14:28:42,51.3813,1.3862,63.7,65,21,1.01
210,Cacu,BR,2022-05-22 14:34:34,-18.5567,-51.1308,78.24,25,8,4.7
211,Georgetown,MY,2022-05-22 14:26:49,5.4112,100.3354,84.13,88,20,2.3
212,Albstadt,DE,2022-05-22 14:34:35,48.2164,9.026,73.02,39,100,6.35
213,Fairbanks,US,2022-05-22 14:32:05,64.8378,-147.7164,50.09,60,0,10.36
214,Castro,BR,2022-05-22 14:34:11,-24.7911,-50.0119,63.75,41,0,4.43
215,Chokurdakh,RU,2022-05-22 14:26:10,70.6333,147.9167,31.3,99,100,2.57
216,Pisco,PE,2022-05-22 14:34:35,-13.7,-76.2167,62.65,88,100,4.61
217,Banda Aceh,ID,2022-05-22 14:34:35,5.5577,95.3222,81.7,79,100,13.87
218,Odweyne,SO,2022-05-22 14:34:36,9.4092,45.064,91.74,15,100,11.81
219,Daru,PG,2022-05-22 14:34:36,-9.0763,143.2092,80.33,81,40,13.24
220,Panorama,GR,2022-05-22 14:34:36,40.5878,23.0315,85.28,32,40,8.05
221,La Paz,BO,2022-05-22 14:34:01,-16.5,-68.15,51.78,20,75,6.91
222,Viransehir,TR,2022-05-22 14:35:37,37.2353,39.7631,84.25,17,71,3.4
223,Upernavik,GL,2022-05-22 14:28:34,72.7868,-56.1549,34.0,79,100,4.09
224,Grand Forks,US,2022-05-22 14:35:37,47.9417,-97.4337,51.73,58,0,9.22
225,Labuhan,ID,2022-05-22 14:35:37,-6.8844,112.2051,80.96,80,97,11.74
226,Arman,RU,2022-05-22 14:35:37,59.7,150.1667,39.02,99,100,10.65
227,Fortuna,US,2022-05-22 14:35:38,40.5982,-124.1573,50.94,93,100,4.61
228,Port Elizabeth,ZA,2022-05-22 14:26:54,-33.918,25.5701,64.69,63,0,9.22
229,Poya,NC,2022-05-22 14:35:38,-21.35,165.15,73.18,90,54,5.1
230,Muli,MV,2022-05-22 14:35:38,2.9167,73.5667,83.73,77,94,13.2
231,San Jeronimo,PE,2022-05-22 14:35:39,-11.9472,-75.2829,56.75,58,93,2.95
232,Tallahassee,US,2022-05-22 14:33:07,30.4383,-84.2807,82.85,82,100,6.91
233,Turukhansk,RU,2022-05-22 14:35:39,65.8167,87.9833,60.39,58,97,3.18
234,Lavrentiya,RU,2022-05-22 14:35:39,65.5833,-171.0,36.25,68,100,8.75
235,Borogontsy,RU,2022-05-22 14:35:39,62.6683,131.1683,40.08,72,47,4.99
236,Newport,GB,2022-05-22 14:35:40,51.5877,-2.9984,69.08,66,90,6.96
237,Burlatskoye,RU,2022-05-22 14:35:40,45.0564,43.635,71.85,55,0,9.44
238,Paamiut,GL,2022-05-22 14:35:40,61.994,-49.6678,35.46,97,100,31.7
239,Buraydah,SA,2022-05-22 14:35:40,26.326,43.975,106.25,6,0,8.99
240,Fukue,JP,2022-05-22 14:35:41,32.6881,128.8419,68.34,79,100,8.52
241,Swellendam,ZA,2022-05-22 14:35:41,-34.0226,20.4417,67.62,40,29,3.0
242,Tiksi,RU,2022-05-22 14:23:00,71.6872,128.8694,30.69,88,100,5.95
243,Belmonte,BR,2022-05-22 14:35:41,-15.8631,-38.8828,79.18,58,14,11.32
244,Fuzhou,CN,2022-05-22 14:35:42,26.0614,119.3061,64.29,99,100,1.59
245,Mahanoro,MG,2022-05-22 14:35:42,-19.9,48.8,71.94,84,1,2.39
246,Bani Walid,LY,2022-05-22 14:35:42,31.7566,13.9942,90.64,5,0,3.47
247,Leopoldina,BR,2022-05-22 14:35:42,-21.5319,-42.6431,72.97,57,35,3.02
248,Hamilton,US,2022-05-22 14:26:16,39.1834,-84.5333,65.59,93,100,11.5
249,Taoudenni,ML,2022-05-22 14:35:43,22.6783,-3.9836,107.26,6,0,12.71
250,Araouane,ML,2022-05-22 14:35:43,18.9048,-3.5265,106.59,10,33,4.65
251,Vao,NC,2022-05-22 14:35:43,-22.6667,167.4833,74.07,88,57,14.32
252,Lucea,JM,2022-05-22 14:35:44,18.451,-78.1736,84.06,70,100,10.56
253,Katherine,AU,2022-05-22 14:35:44,-14.4667,132.2667,70.12,60,39,8.05
254,Hasaki,JP,2022-05-22 14:28:33,35.7333,140.8333,63.0,81,95,10.25
255,Fethiye,TR,2022-05-22 14:35:44,36.6217,29.1164,71.47,61,92,2.08
256,Mwinilunga,ZM,2022-05-22 14:35:44,-11.7358,24.4293,77.23,38,77,3.65
257,Zyryanka,RU,2022-05-22 14:35:45,65.75,150.85,47.91,58,100,9.6
258,Ryuo,JP,2022-05-22 14:35:45,35.65,138.5,56.91,93,16,0.2
259,Filingue,NE,2022-05-22 14:35:45,14.3521,3.3168,102.45,19,94,5.86
260,Gidole,ET,2022-05-22 14:35:46,5.65,37.3667,65.25,69,92,3.94
261,Stranda,NO,2022-05-22 14:35:46,62.3096,6.9358,61.45,52,91,6.26
262,Coahuayana,MX,2022-05-22 14:35:46,18.7333,-103.6833,80.1,66,75,1.12
263,Srednekolymsk,RU,2022-05-22 14:35:47,67.45,153.6833,48.02,58,100,8.03
264,Ramos Arizpe,MX,2022-05-22 14:31:26,25.55,-100.9667,77.13,45,40,9.22
265,Chenghai,CN,2022-05-22 14:35:47,23.4632,116.768,73.31,83,75,6.71
266,Nouadhibou,MR,2022-05-22 14:26:12,20.931,-17.0347,71.58,73,2,23.02
267,Sokolo,ML,2022-05-22 14:36:48,14.7328,-6.1219,102.27,19,100,10.85
268,Hami,CN,2022-05-22 14:36:48,42.8,93.45,83.84,11,100,8.88
269,Oranjemund,NA,2022-05-22 14:36:48,-28.55,16.4333,60.91,63,2,11.43
270,Bay Roberts,CA,2022-05-22 14:36:49,47.5999,-53.2648,62.35,50,45,7.0
271,Zhigansk,RU,2022-05-22 14:36:49,66.7697,123.3711,36.39,87,47,6.49
272,Ust-Barguzin,RU,2022-05-22 14:36:49,53.45,108.9833,44.64,88,99,2.89
273,Adrar,MR,2022-05-22 14:36:49,20.5022,-10.0711,107.37,6,2,7.38
274,Kupang,ID,2022-05-22 14:36:50,-10.1667,123.5833,78.67,77,8,10.2
275,High Rock,BS,2022-05-22 14:36:50,26.6208,-78.2833,82.42,78,84,16.33
276,Argostolion,GR,2022-05-22 14:36:50,38.1811,20.489,75.27,69,0,14.97
277,Okhotsk,RU,2022-05-22 14:32:11,59.3833,143.3,32.94,99,100,13.87
278,Sabha,LY,2022-05-22 14:28:42,27.0377,14.4283,89.55,7,0,6.17
279,Bethel,US,2022-05-22 14:24:25,41.3712,-73.414,86.36,72,0,9.22
280,Oytal,KZ,2022-05-22 14:36:55,42.9057,73.2697,52.41,82,100,3.58
281,Husavik,IS,2022-05-22 14:36:55,66.0449,-17.3389,38.25,95,100,10.85
282,Leningradskiy,RU,2022-05-22 14:28:41,69.3833,178.4167,29.3,97,100,8.41
283,Nishihara,JP,2022-05-22 14:36:55,26.1842,127.7558,74.48,78,40,8.05
284,Ixtapa,MX,2022-05-22 14:36:55,20.7,-105.2,78.22,73,100,4.61
285,Mandera,KE,2022-05-22 14:36:56,3.9366,41.867,92.01,38,99,17.49
286,Douglas,US,2022-05-22 14:36:56,41.3,-96.167,56.86,54,0,6.91
287,Aliwal North,ZA,2022-05-22 14:36:56,-30.6937,26.7114,57.15,62,91,3.51
288,Satuk,TR,2022-05-22 14:36:57,41.2263,32.3836,74.98,41,17,5.53
289,Piacabucu,BR,2022-05-22 14:36:59,-10.4056,-36.4344,82.69,60,20,13.6
290,Man,CI,2022-05-22 14:36:59,7.4125,-7.5538,84.4,61,94,3.4
291,Mehamn,NO,2022-05-22 14:37:00,71.0357,27.8492,44.51,83,88,4.88
292,Hvide Sande,DK,2022-05-22 14:37:00,56.0045,8.1294,64.09,73,32,8.88
293,Soroti,UG,2022-05-22 14:37:00,1.7146,33.6111,77.22,64,83,6.42
294,Sao Mateus,BR,2022-05-22 14:37:01,-18.7161,-39.8589,76.71,59,34,6.93
295,Aykhal,RU,2022-05-22 14:37:01,66.0,111.5,50.56,63,99,4.18
296,Burnie,AU,2022-05-22 14:37:01,-41.0667,145.9167,44.94,87,11,5.21
297,Toamasina,MG,2022-05-22 14:37:01,-18.1667,49.3833,75.2,88,40,5.75
298,Nizhnevartovsk,RU,2022-05-22 14:32:59,60.9344,76.5531,71.62,46,0,18.01
299,Arauco,CL,2022-05-22 14:37:02,-37.2463,-73.3175,53.92,97,100,19.33
300,Laramie,US,2022-05-22 14:37:02,41.3114,-105.5911,40.08,53,0,17.27
301,Priiskovyy,RU,2022-05-22 14:37:02,51.9333,116.6333,54.64,67,93,4.29
302,Miquelon,PM,2022-05-22 14:37:03,47.0975,-56.3814,50.0,82,100,12.39
303,Mutis,CO,2022-05-22 14:37:03,6.2262,-77.4044,82.15,80,45,4.16
304,Road Town,VG,2022-05-22 14:36:04,18.4167,-64.6167,86.04,66,20,11.5
305,Port Hedland,AU,2022-05-22 14:37:03,-20.3167,118.5667,77.05,100,100,4.61
306,Nyaunglebin,MM,2022-05-22 14:37:04,17.95,96.7333,77.11,82,100,2.57
307,Alofi,NU,2022-05-22 14:37:04,-19.0595,-169.9187,67.89,94,20,1.14
308,Lumeje,AO,2022-05-22 14:37:04,-11.55,20.7833,80.49,29,83,5.53
309,Tambopata,PE,2022-05-22 14:38:04,-12.7333,-69.1833,73.29,83,75,4.61
310,Dickinson,US,2022-05-22 14:38:05,29.4608,-95.0513,77.04,86,100,1.99
311,Siniscola,IT,2022-05-22 14:38:05,40.5719,9.6922,81.95,47,0,5.55
312,Codrington,AU,2022-05-22 14:38:05,-38.2667,141.9667,44.06,92,7,8.25
313,Saint Anthony,US,2022-05-22 14:38:06,45.0205,-93.218,50.25,58,0,12.66
314,Tilichiki,RU,2022-05-22 14:38:06,60.4667,166.1,32.11,93,55,4.76
315,Alugan,PH,2022-05-22 14:38:06,12.2188,125.4808,80.29,85,100,8.93
316,Geraldton,AU,2022-05-22 14:38:07,-28.7667,114.6,66.61,63,75,14.97
317,Douentza,ML,2022-05-22 14:38:07,14.9951,-2.9517,98.78,22,100,8.79
318,Ostrov,RU,2022-05-22 14:38:07,57.3439,28.3537,60.53,38,90,8.3
319,Morgan City,US,2022-05-22 14:38:08,29.6994,-91.2068,82.0,89,75,6.91
320,Charleston,US,2022-05-22 14:36:04,32.7766,-79.9309,82.42,69,0,9.22
321,Matagami,CA,2022-05-22 14:38:08,49.7502,-77.6328,33.91,100,100,4.61
322,Brae,GB,2022-05-22 14:38:08,60.3964,-1.353,52.07,93,100,12.19
323,Vila Franca Do Campo,PT,2022-05-22 14:38:09,37.7167,-25.4333,73.2,86,100,2.33
324,Seredka,RU,2022-05-22 14:38:09,58.1584,28.1858,60.55,29,20,8.57
325,Westport,US,2022-05-22 14:37:07,41.1415,-73.3579,89.28,77,62,5.01
326,Teruel,ES,2022-05-22 14:38:10,40.6667,-0.6667,79.54,19,100,16.58
327,Hereford,GB,2022-05-22 14:38:10,52.0568,-2.7148,69.62,65,90,1.01
328,Tadine,NC,2022-05-22 14:38:10,-21.55,167.8833,74.61,88,68,4.97
329,Battonya,HU,2022-05-22 14:38:11,46.2833,21.0167,77.05,45,1,11.34
330,Kodinsk,RU,2022-05-22 14:38:11,58.6881,99.1844,46.92,90,68,2.8
331,Ganzhou,CN,2022-05-22 14:38:11,28.8184,115.4327,65.64,98,100,4.99
332,Iida,JP,2022-05-22 14:38:11,35.5197,137.8207,61.03,88,42,7.0
333,Khandyga,RU,2022-05-22 14:38:12,62.6667,135.6,38.52,82,12,3.58
334,Mucuri,BR,2022-05-22 14:38:12,-18.0864,-39.5508,74.82,66,37,7.52
335,Beloha,MG,2022-05-22 14:38:12,-25.1667,45.05,71.26,55,23,7.83
336,Bandarbeyla,SO,2022-05-22 14:38:13,9.4942,50.8122,81.5,81,76,23.73
337,Matara,LK,2022-05-22 14:38:13,5.9485,80.5353,79.38,88,10,11.92
338,Ondjiva,AO,2022-05-22 14:33:53,-17.0667,15.7333,78.87,11,0,2.44
339,Yalutorovsk,RU,2022-05-22 14:38:13,56.6536,66.3006,44.98,76,48,7.43
340,Russell,US,2022-05-22 14:38:14,32.3502,-85.1999,81.91,73,0,3.44
341,Ola,RU,2022-05-22 14:38:14,59.5833,151.2833,39.15,97,100,17.02
342,Moissala,TD,2022-05-22 14:38:14,8.3404,17.7663,97.23,26,64,4.99
343,Abnub,EG,2022-05-22 14:38:14,27.2696,31.1511,88.02,14,0,18.43
344,Riyadh,SA,2022-05-22 14:35:47,24.6877,46.7219,105.94,6,2,10.36
345,Hofn,IS,2022-05-22 14:38:15,64.2539,-15.2082,53.62,54,75,17.27
346,Yar-Sale,RU,2022-05-22 14:28:35,66.8333,70.8333,35.28,86,100,22.28
347,Nome,US,2022-05-22 14:38:15,64.5011,-165.4064,53.67,29,0,16.11
348,Tevriz,RU,2022-05-22 14:38:15,57.509,72.4042,46.2,92,100,5.7
349,Namie,JP,2022-05-22 14:38:16,37.4833,141.0,56.71,90,0,5.53
350,Klaksvik,FO,2022-05-22 14:39:16,62.2266,-6.589,52.72,88,77,9.37
351,Lakeway,US,2022-05-22 14:39:16,30.3638,-97.9796,66.92,72,100,6.91
352,Galdar,ES,2022-05-22 14:39:17,28.147,-15.6502,75.34,69,6,15.66
353,Dingtao,CN,2022-05-22 14:39:17,35.0683,115.5625,72.99,38,80,8.08
354,Kamphaeng Phet,TH,2022-05-22 14:39:17,16.25,99.5,78.71,78,95,2.8
355,Sandwick,GB,2022-05-22 14:39:17,60.0,-1.25,53.42,87,20,11.5
356,Jieshi,CN,2022-05-22 14:39:18,22.8134,115.8257,72.82,88,93,17.25
357,Sorland,NO,2022-05-22 14:39:18,67.667,12.6934,48.06,93,100,4.61
358,Valentin Gomez Farias,MX,2022-05-22 14:39:18,28.2167,-106.5833,71.94,18,47,4.0
359,Novi Troyany,UA,2022-05-22 14:39:18,45.9427,28.8563,67.33,46,94,13.31
360,Kaka,TM,2022-05-22 14:39:19,37.3482,59.6143,72.88,27,0,9.08
361,Matay,EG,2022-05-22 14:39:19,28.419,30.7792,85.91,14,0,18.48
362,Marystown,CA,2022-05-22 14:39:19,47.1666,-55.1483,59.86,100,99,5.99
363,Marsh Harbour,BS,2022-05-22 14:39:20,26.5412,-77.0636,79.11,79,97,15.39
364,Kidal,ML,2022-05-22 14:39:20,18.4411,1.4078,95.99,22,61,9.35
365,Torbay,CA,2022-05-22 14:35:31,47.6666,-52.7314,61.57,45,100,13.8
366,Awjilah,LY,2022-05-22 14:39:20,29.1081,21.2869,84.29,16,0,13.11
367,Give,DK,2022-05-22 14:39:20,55.8398,9.25,61.99,51,40,10.36
368,Erenhot,CN,2022-05-22 14:39:21,43.6475,111.9767,68.97,37,51,7.4
369,Great Yarmouth,GB,2022-05-22 14:39:21,52.6083,1.7305,70.05,74,78,14.2
370,Nicoya,CR,2022-05-22 14:39:21,10.1483,-85.452,83.41,71,92,1.99
371,Pringsewu,ID,2022-05-22 14:39:22,-5.3582,104.9744,74.44,97,98,2.26
372,Namuac,PH,2022-05-22 14:39:22,18.6109,121.1657,76.69,94,100,4.52
373,Santiago De Chuco,PE,2022-05-22 14:39:22,-8.15,-78.1833,59.18,58,12,2.08
374,Tumut,AU,2022-05-22 14:39:22,-35.3,148.2167,46.72,91,23,4.32
375,San Rafael Del Sur,NI,2022-05-22 14:39:23,11.8485,-86.4384,77.97,80,100,5.88
376,Shediac,CA,2022-05-22 14:39:23,46.2198,-64.5411,72.12,78,40,8.05
377,Sabang,ID,2022-05-22 14:39:23,5.8933,95.3214,83.84,77,100,21.92
378,Farmington,US,2022-05-22 14:38:17,36.7281,-108.2187,61.77,33,0,6.91
379,Te Anau,NZ,2022-05-22 14:39:23,-45.4167,167.7167,36.82,90,42,0.81
380,Lazaro Cardenas,MX,2022-05-22 14:39:24,17.9583,-102.2,80.29,68,81,3.33
381,Seoul,KR,2022-05-22 14:37:29,37.5683,126.9778,64.0,83,0,2.3
382,Kizema,RU,2022-05-22 14:39:24,61.113,44.8302,36.84,85,100,9.46
383,Faya,SA,2022-05-22 14:39:24,18.3851,42.4509,86.11,26,4,10.36
384,Aktau,KZ,2022-05-22 14:36:13,43.65,51.2,63.18,68,2,23.13
385,Hagi,JP,2022-05-22 14:39:25,34.4,131.4167,67.86,80,0,2.39
386,Shenkursk,RU,2022-05-22 14:39:25,62.1091,42.896,41.63,63,100,10.16
387,Soyo,AO,2022-05-22 14:39:25,-6.1349,12.3689,79.07,70,92,10.98
388,La Ronge,CA,2022-05-22 14:39:25,55.1001,-105.2842,52.05,30,40,6.91
389,Nyazepetrovsk,RU,2022-05-22 14:39:26,56.0531,59.6028,38.84,87,87,9.26
390,Bairiki,KI,2022-05-22 14:39:26,1.3292,172.9752,80.6,89,75,8.05
391,Vardo,NO,2022-05-22 14:39:26,70.3705,31.1107,37.38,93,100,11.5
392,Mandalgovi,MN,2022-05-22 14:39:27,45.7625,106.2708,62.44,28,96,14.52
393,Pacocha,PE,2022-05-22 14:39:27,-17.5833,-71.3333,66.94,73,75,5.01
394,Diffa,NE,2022-05-22 14:39:27,13.3154,12.6113,102.06,8,51,15.66
395,Ambanja,MG,2022-05-22 14:39:27,-13.6833,48.45,82.33,89,96,2.28
396,Caravelas,BR,2022-05-22 14:39:28,-17.7125,-39.2481,76.89,60,23,8.43
397,Jalu,LY,2022-05-22 14:39:28,29.0331,21.5482,84.43,17,0,13.44
398,Terney,RU,2022-05-22 14:39:28,45.0503,136.6092,48.47,95,54,5.77
399,Pangkalanbuun,ID,2022-05-22 14:35:50,-2.6833,111.6167,75.4,98,53,2.8
400,Vrangel,RU,2022-05-22 14:40:29,42.7297,133.0839,50.86,89,16,3.0
401,Watertown,US,2022-05-22 14:38:58,42.3709,-71.1828,93.51,57,0,5.01
402,Bilma,NE,2022-05-22 14:40:29,18.6853,12.9164,102.29,6,20,6.58
403,Durant,US,2022-05-22 14:38:56,33.994,-96.3708,57.72,67,100,12.66
404,Skibbereen,IE,2022-05-22 14:40:29,51.55,-9.2667,59.11,72,74,16.33
405,Shingu,JP,2022-05-22 14:40:29,33.7333,135.9833,63.09,77,0,7.43
406,Tsabong,BW,2022-05-22 14:40:30,-26.0217,22.401,62.1,44,1,0.92
407,Namatanai,PG,2022-05-22 14:40:30,-3.6667,152.4333,79.59,76,81,9.53
408,Rosarito,MX,2022-05-22 14:40:30,32.3333,-117.0333,63.48,68,6,1.12
409,Belyy Yar,RU,2022-05-22 14:40:31,53.6039,91.3903,75.09,36,0,4.47
410,Bogorodskoye,RU,2022-05-22 14:40:31,56.55,37.8833,45.55,55,79,12.97
411,Morant Bay,JM,2022-05-22 14:40:31,17.8815,-76.4093,89.71,78,100,12.59
412,Muriti,TZ,2022-05-22 14:40:31,-1.9833,32.9167,75.99,59,24,4.97
413,Pandan,PH,2022-05-22 14:40:32,14.0453,124.1694,79.77,87,99,7.49
414,Port Macquarie,AU,2022-05-22 14:40:32,-31.4333,152.9167,55.89,82,100,3.69
415,Barcelona,ES,2022-05-22 14:36:17,41.3888,2.159,100.81,42,0,12.66
416,Mata,PT,2022-05-22 14:40:32,40.683,-7.4592,73.6,74,100,8.7
417,Agadez,NE,2022-05-22 14:36:05,19.75,10.25,100.89,7,100,7.81
418,Pangody,RU,2022-05-22 14:40:33,65.85,74.4859,52.5,63,98,18.57
419,Villa Maria,AR,2022-05-22 14:40:33,-32.4075,-63.2402,63.82,54,81,13.73
420,Dingle,PH,2022-05-22 14:40:33,10.9995,122.6711,77.85,90,100,3.71
421,Waipawa,NZ,2022-05-22 14:40:33,-41.4122,175.5153,47.46,81,18,3.49
422,Petropavlovsk-Kamchatskiy,RU,2022-05-22 14:40:34,53.0452,158.6483,41.59,87,75,2.24
423,Dicabisagan,PH,2022-05-22 14:40:34,17.0818,122.4157,79.75,85,100,7.45
424,Manavalakurichi,IN,2022-05-22 14:40:34,8.1333,77.3,79.66,85,100,17.96
425,Allende,MX,2022-05-22 14:40:34,25.2833,-100.0167,81.28,66,27,6.44
426,Christchurch,NZ,2022-05-22 14:40:35,-43.5333,172.6333,45.95,80,100,8.05
427,Kilindoni,TZ,2022-05-22 14:40:35,-7.9139,39.6668,79.65,73,90,10.25
428,Pineville,US,2022-05-22 14:36:21,31.3224,-92.4343,71.49,84,100,4.61
429,Omboue,GA,2022-05-22 14:40:35,-1.5746,9.2618,80.19,73,77,10.85
430,Roald,NO,2022-05-22 14:40:36,62.5833,6.1333,62.01,72,40,2.3
431,Boa Vista,BR,2022-05-22 14:40:36,2.8197,-60.6733,75.18,88,100,2.3
432,Komatipoort,ZA,2022-05-22 14:40:36,-25.4332,31.9548,62.06,91,100,5.46
433,Burayevo,RU,2022-05-22 14:40:36,55.8407,55.4083,41.29,81,98,7.29
434,Mbandaka,CD,2022-05-22 14:40:37,0.0487,18.2603,81.23,71,84,4.29
435,Ritchie,ZA,2022-05-22 14:40:37,-29.038,24.6028,65.41,52,20,7.61
436,Ilulissat,GL,2022-05-22 14:40:37,69.2167,-51.1,33.82,93,75,0.0
437,Rock Springs,US,2022-05-22 14:37:02,41.5875,-109.2029,43.23,42,0,6.91
438,Taltal,CL,2022-05-22 14:40:37,-25.4,-70.4833,67.6,60,0,7.52
439,Clarence Town,AU,2022-05-22 14:40:38,-32.5833,151.7833,57.97,96,100,0.38
440,Strausberg,DE,2022-05-22 14:40:38,52.5786,13.8874,67.82,55,77,8.84
441,Stabat,ID,2022-05-22 14:40:38,3.761,98.4513,79.0,95,100,2.73
442,Waynesboro,US,2022-05-22 14:40:39,38.0685,-78.8895,81.36,64,0,8.05
443,Goderich,CA,2022-05-22 14:40:39,43.7501,-81.7165,46.72,93,100,5.75
444,Beira,MZ,2022-05-22 14:40:39,-19.8436,34.8389,75.29,94,75,10.36
445,Prado,BR,2022-05-22 14:40:39,-17.3411,-39.2208,77.81,57,17,7.23
446,Birjand,IR,2022-05-22 14:41:40,32.8663,59.2211,79.27,13,0,13.8
447,Juybar,IR,2022-05-22 14:41:40,36.6412,52.9124,78.96,51,19,7.67
448,Kruisfontein,ZA,2022-05-22 14:41:40,-34.0033,24.7314,59.0,68,100,4.56
449,Choya,RU,2022-05-22 14:41:40,52.0108,86.5467,66.16,69,100,4.72
450,Volosovo,RU,2022-05-22 14:41:41,59.4333,29.4833,49.86,33,0,10.8
451,Suhum,GH,2022-05-22 14:41:41,6.0409,-0.45,79.27,72,99,4.65
452,Nanchang,CN,2022-05-22 14:41:41,28.6833,115.8833,66.11,93,100,6.24
453,Goure,NE,2022-05-22 14:41:42,13.9835,10.2704,103.01,8,52,11.61
454,Dunedin,NZ,2022-05-22 14:39:36,-45.8742,170.5036,45.81,71,100,8.99
455,Taree,AU,2022-05-22 14:41:42,-31.9,152.4667,61.11,93,100,1.41
456,Samarai,PG,2022-05-22 14:41:42,-10.6167,150.6667,80.35,81,42,6.44
457,Kirakira,SB,2022-05-22 14:41:42,-10.4544,161.9205,79.5,83,16,3.96
458,Alyangula,AU,2022-05-22 14:41:43,-13.8483,136.4192,77.79,81,27,10.85
459,Bansgaon,IN,2022-05-22 14:41:43,26.5586,83.3481,81.72,55,91,10.96
460,Asyut,EG,2022-05-22 14:41:43,27.181,31.1837,87.98,14,0,18.59
461,Cherskiy,RU,2022-05-22 14:41:44,68.75,161.3,47.41,61,97,9.4
462,Kurtalan,TR,2022-05-22 14:41:44,37.9272,41.7028,79.14,33,99,4.99
463,Hualmay,PE,2022-05-22 14:41:44,-11.0964,-77.6139,66.76,77,66,6.69
464,Mama,RU,2022-05-22 14:41:44,58.3106,112.8986,45.68,94,100,1.07
465,Bubaque,GW,2022-05-22 14:41:45,11.2833,-15.8333,78.66,74,91,11.7
466,Bazarnyye Mataki,RU,2022-05-22 14:41:45,54.8833,49.9333,43.84,68,51,7.67
467,Cochabamba,BO,2022-05-22 14:41:45,-17.3895,-66.1568,65.8,31,75,3.44
468,Baruun-Urt,MN,2022-05-22 14:41:45,46.6806,113.2792,61.79,28,16,5.44
469,Hovd,MN,2022-05-22 14:41:46,48.0056,91.6419,67.3,19,100,2.51
470,Port Lincoln,AU,2022-05-22 14:41:27,-34.7333,135.8667,61.92,75,100,10.65
471,Asekeyevo,RU,2022-05-22 14:41:46,53.5742,52.7972,47.89,77,81,2.51
472,Kazanskoye,RU,2022-05-22 14:41:46,55.6448,69.235,46.81,66,97,8.32
473,Bayji,IQ,2022-05-22 14:41:47,34.9311,43.487,98.83,7,20,6.26
474,Belaya Gora,RU,2022-05-22 14:41:47,68.5333,146.4167,44.24,85,100,3.76
475,Palpa,PE,2022-05-22 14:41:47,-14.5336,-75.1856,73.6,53,66,4.18
476,Aitape,PG,2022-05-22 14:41:47,-3.1374,142.3475,78.75,86,80,3.98
477,Pyapon,MM,2022-05-22 14:41:48,16.2833,95.6833,81.25,86,100,8.23
478,Kosh-Agach,RU,2022-05-22 14:41:48,50.0,88.6667,64.17,26,100,4.14
479,Penzance,GB,2022-05-22 14:41:48,50.1186,-5.5371,61.48,78,70,9.78
480,Kondinskoye,RU,2022-05-22 14:41:48,59.6481,67.41,43.61,86,100,12.84
481,Teguldet,RU,2022-05-22 14:41:49,57.3064,88.1667,61.14,57,100,11.48
482,Aloleng,PH,2022-05-22 14:41:49,16.1307,119.7824,81.21,83,95,14.9
483,Eisenach,DE,2022-05-22 14:41:49,50.9833,10.3167,70.95,56,95,3.49
484,Puerto Escondido,MX,2022-05-22 14:41:50,15.85,-97.0667,83.62,57,0,6.38
485,Grindavik,IS,2022-05-22 14:41:50,63.8424,-22.4338,53.55,66,20,25.32
486,San Cristobal,VE,2022-05-22 14:41:50,7.7669,-72.225,75.38,43,9,10.27
487,Svetlaya,RU,2022-05-22 14:41:50,46.5389,138.3297,43.75,96,99,13.51
488,Qaqortoq,GL,2022-05-22 14:41:51,60.7167,-46.0333,37.44,96,100,17.52
489,Zhumadian,CN,2022-05-22 14:41:51,32.9794,114.0294,69.87,66,9,3.98
490,Jedburgh,GB,2022-05-22 14:41:51,55.48,-2.552,63.03,77,100,16.35
491,Isangel,VU,2022-05-22 14:41:51,-19.55,169.2667,75.96,86,76,7.38
492,Livingston,GB,2022-05-22 14:41:52,55.9029,-3.5226,63.21,68,40,18.41
493,Pavlikeni,BG,2022-05-22 14:41:52,43.2428,25.3219,79.83,37,11,18.81
494,Turbat,PK,2022-05-22 14:42:52,26.0023,63.044,100.69,20,0,9.26
495,Yabrud,SY,2022-05-22 14:42:53,33.9674,36.6574,67.62,19,28,11.54
496,Nuuk,GL,2022-05-22 14:41:50,64.1835,-51.7216,34.41,100,100,39.12
497,Kazerun,IR,2022-05-22 14:42:53,29.6195,51.6541,91.38,5,0,8.59
498,Kalmunai,LK,2022-05-22 14:42:53,7.4167,81.8167,85.01,65,15,1.92
499,Koslan,RU,2022-05-22 14:42:53,63.4564,48.8989,33.98,96,100,12.33
500,Saint-Georges,GD,2022-05-22 14:42:54,12.0564,-61.7485,85.68,66,20,20.71
501,Tessalit,ML,2022-05-22 14:42:54,20.1986,1.0114,104.14,9,50,14.61
502,Vwawa,TZ,2022-05-22 14:42:54,-9.1167,32.9333,68.34,68,78,3.69
503,Maglavit,RO,2022-05-22 14:42:55,44.0333,23.1,77.76,30,2,20.78
504,Sai Buri,TH,2022-05-22 14:42:55,6.7013,101.6168,80.55,81,100,6.85
505,Novaya Zaimka,RU,2022-05-22 14:42:55,56.4857,66.9241,44.11,76,38,8.3
506,Suntar,RU,2022-05-22 14:42:55,62.1444,117.6319,49.19,83,100,3.58
507,Montorio Al Vomano,IT,2022-05-22 14:42:56,42.5831,13.6383,86.43,50,64,1.39
508,Egvekinot,RU,2022-05-22 14:42:56,66.3167,-179.1667,38.08,69,99,7.56
509,Vestmannaeyjar,IS,2022-05-22 14:42:56,63.4427,-20.2734,56.39,58,0,6.91
510,Troitsko-Pechorsk,RU,2022-05-22 14:42:56,62.7084,56.1964,33.44,98,100,10.36
511,Berea,US,2022-05-22 14:42:57,41.3662,-81.8543,66.11,90,100,13.8
512,Finschhafen,PG,2022-05-22 14:42:57,-6.6024,147.8681,79.95,79,38,4.21
513,Severo-Yeniseyskiy,RU,2022-05-22 14:42:57,60.3725,93.0408,44.51,82,0,2.1
514,Pemberton,CA,2022-05-22 14:41:18,50.3164,-122.8027,42.49,70,6,1.25
515,Rognan,NO,2022-05-22 14:42:58,67.0953,15.3878,53.74,81,100,3.83
516,San Carlos De Bariloche,AR,2022-05-22 14:42:08,-41.1456,-71.3082,40.24,100,75,0.0
517,Teya,RU,2022-05-22 14:42:58,60.3778,92.6267,47.88,81,1,2.17
518,Kelheim,DE,2022-05-22 14:42:58,48.9167,11.8667,79.16,44,28,4.36
519,Tashtyp,RU,2022-05-22 14:42:58,52.7939,89.8983,67.21,51,100,2.93
520,Bara,NG,2022-05-22 14:42:59,10.3744,10.7288,96.58,22,31,3.89
521,Santa Maria,BR,2022-05-22 14:42:59,-29.6842,-53.8069,60.1,77,20,3.44
522,Iranshahr,IR,2022-05-22 14:42:59,27.2025,60.6848,102.54,11,0,16.11
523,Jalapa,MX,2022-05-22 14:42:25,19.5333,-96.9167,81.18,31,0,4.61
524,Riwaka,NZ,2022-05-22 14:43:00,-41.0833,173.0,47.55,81,4,5.5
525,General Roca,AR,2022-05-22 14:43:00,-39.0333,-67.5833,60.62,19,100,10.09
526,Lumut,MY,2022-05-22 14:43:00,4.2323,100.6298,84.22,84,20,0.0
527,Leopoldsburg,BE,2022-05-22 14:43:00,51.1167,5.25,76.6,40,100,6.91
528,Susehri,TR,2022-05-22 14:43:01,40.1644,38.0867,69.13,46,99,6.58
529,Alice Springs,AU,2022-05-22 14:43:01,-23.7,133.8833,47.75,61,0,0.0
530,Kabanjahe,ID,2022-05-22 14:43:01,3.1001,98.4908,63.61,97,76,3.36
531,Kloulklubed,PW,2022-05-22 14:43:02,7.0419,134.2556,75.7,76,96,8.81
532,Gueret,FR,2022-05-22 14:43:02,46.1667,1.8667,85.77,36,100,3.13
533,Tefe,BR,2022-05-22 14:43:05,-3.3542,-64.7114,86.11,74,20,5.75
534,Port Hardy,CA,2022-05-22 14:41:22,50.6996,-127.4199,44.78,93,100,4.61
535,Nemuro,JP,2022-05-22 14:43:05,43.3236,145.575,46.6,99,100,8.37
536,Rundu,NA,2022-05-22 14:43:07,-17.9333,19.7667,72.25,17,0,3.71
537,Washim,IN,2022-05-22 14:43:07,20.1,77.15,94.3,25,1,15.32
538,Rodeo,US,2022-05-22 14:43:08,38.033,-122.2669,66.27,77,0,1.01
539,Coihaique,CL,2022-05-22 14:42:34,-45.5752,-72.0662,37.35,81,40,5.75
540,Lorengau,PG,2022-05-22 14:44:08,-2.0226,147.2712,82.51,73,94,9.84
541,Nara,JP,2022-05-22 14:39:16,34.6851,135.8049,66.49,81,0,2.1
