City_ID,City,Country,Date,Lat,Lng,Max Temp,Humidity,Cloudiness,Wind Speed,Current Description
0,Cape Town,ZA,2022-05-24 00:32:27,-33.9258,18.4232,60.28,88,75,10.36,broken clouds
1,Puerto Ayora,EC,2022-05-24 00:33:24,-0.7393,-90.3518,72.55,96,49,1.01,scattered clouds
2,Poso,ID,2022-05-24 00:36:18,-1.3959,120.7524,83.34,70,79,2.8,broken clouds
3,Ushuaia,AR,2022-05-24 00:32:39,-54.8,-68.3,33.46,80,20,8.05,few clouds
4,Lazaro Cardenas,MX,2022-05-24 00:36:18,17.9583,-102.2,78.93,77,45,10.38,scattered clouds
5,Provideniya,RU,2022-05-24 00:36:18,64.3833,-173.3,46.51,76,0,4.47,clear sky
6,Torbay,CA,2022-05-24 00:35:31,47.6666,-52.7314,53.58,93,100,17.27,light intensity drizzle
7,Tuktoyaktuk,CA,2022-05-24 00:35:42,69.4541,-133.0374,28.4,74,20,5.75,few clouds
8,Fortuna,US,2022-05-24 00:35:52,40.5982,-124.1573,62.92,74,0,16.11,clear sky
9,Vila,PT,2022-05-24 00:36:19,42.0304,-8.1588,44.71,81,91,2.86,overcast clouds
10,Rikitea,PF,2022-05-24 00:33:21,-23.1203,-134.9692,75.88,74,19,9.98,few clouds
11,Qaanaaq,GL,2022-05-24 00:36:19,77.484,-69.3632,24.26,82,100,5.88,overcast clouds
12,Longyearbyen,SJ,2022-05-24 00:35:55,78.2186,15.6401,35.44,93,100,3.44,light rain
13,Albany,US,2022-05-24 00:32:27,42.6001,-73.9662,61.21,49,100,4.68,overcast clouds
14,Ponta Do Sol,PT,2022-05-24 00:33:29,32.6667,-17.1,66.7,77,97,7.63,overcast clouds
15,Henties Bay,NA,2022-05-24 00:36:20,-22.116,14.2845,62.94,50,0,1.16,clear sky
16,Ruza,RU,2022-05-24 00:36:20,55.699,36.1952,37.69,67,100,5.26,overcast clouds
17,Mataura,NZ,2022-05-24 00:33:23,-46.1927,168.8643,52.48,90,100,10.27,overcast clouds
18,Airai,TL,2022-05-24 00:36:20,-8.9266,125.4092,70.74,61,82,3.2,broken clouds
19,Pisco,PE,2022-05-24 00:34:31,-13.7,-76.2167,64.02,88,20,4.61,mist
20,Migori,KE,2022-05-24 00:36:21,-1.0634,34.4731,63.5,83,99,2.8,overcast clouds
21,Mount Gambier,AU,2022-05-24 00:36:21,-37.8333,140.7667,61.29,55,1,10.11,clear sky
22,Ambilobe,MG,2022-05-24 00:36:21,-13.2,49.05,67.82,85,21,4.07,few clouds
23,Muroto,JP,2022-05-24 00:36:22,33.2833,134.15,70.61,72,21,10.76,few clouds
24,Butaritari,KI,2022-05-24 00:33:20,3.0707,172.7902,82.11,77,100,13.98,overcast clouds
25,Khatanga,RU,2022-05-24 00:36:22,71.9667,102.5,28.9,78,94,10.11,overcast clouds
26,Manzanillo,CU,2022-05-24 00:36:22,20.3433,-77.1167,76.68,85,100,5.26,light rain
27,Port Alfred,ZA,2022-05-24 00:33:24,-33.5906,26.891,62.4,69,56,4.9,broken clouds
28,Araouane,ML,2022-05-24 00:36:23,18.9048,-3.5265,85.01,8,0,3.96,clear sky
29,Mlonggo,ID,2022-05-24 00:36:23,-6.5333,110.7,82.47,79,69,5.53,broken clouds
30,Pacific Grove,US,2022-05-24 00:33:05,36.6177,-121.9166,74.21,72,0,10.36,clear sky
31,Atuona,PF,2022-05-24 00:34:33,-9.8,-139.0333,78.67,75,20,18.16,few clouds
32,Jamestown,US,2022-05-24 00:29:43,42.097,-79.2353,55.53,63,0,9.22,clear sky
33,Barrow,US,2022-05-24 00:34:32,71.2906,-156.7887,24.82,86,100,18.41,overcast clouds
34,New Norfolk,AU,2022-05-24 00:33:27,-42.7826,147.0587,50.92,81,3,1.83,clear sky
35,Tasiilaq,GL,2022-05-24 00:33:27,65.6145,-37.6368,34.36,98,100,9.37,light snow
36,Ilulissat,GL,2022-05-24 00:33:25,69.2167,-51.1,32.02,93,75,0.0,broken clouds
37,Bluff,NZ,2022-05-24 00:33:29,-46.6,168.3333,52.81,82,55,27.47,light rain
38,Yellowknife,CA,2022-05-24 00:36:24,62.456,-114.3525,41.56,52,75,12.66,broken clouds
39,Lavrentiya,RU,2022-05-24 00:36:24,65.5833,-171.0,40.73,73,4,2.13,clear sky
40,Tepalcatepec,MX,2022-05-24 00:36:24,19.1833,-102.85,93.42,32,16,3.96,few clouds
41,Kapaa,US,2022-05-24 00:33:19,22.0752,-159.319,82.38,74,20,11.5,few clouds
42,Lompoc,US,2022-05-24 00:34:40,34.6391,-120.4579,76.69,65,0,23.0,clear sky
43,Hirara,JP,2022-05-24 00:36:25,24.8,125.2833,80.46,89,75,8.05,broken clouds
44,Campos Altos,BR,2022-05-24 00:36:25,-19.6961,-46.1714,55.08,71,1,1.54,clear sky
45,Padang,ID,2022-05-24 00:36:25,-0.9492,100.3543,75.25,74,99,2.33,overcast clouds
46,Saskylakh,RU,2022-05-24 00:36:26,71.9167,114.0833,28.76,94,100,13.11,light snow
47,Leningradskiy,RU,2022-05-24 00:36:26,69.3833,178.4167,42.48,84,43,5.97,scattered clouds
48,Punta Arenas,CL,2022-05-24 00:33:25,-53.15,-70.9167,35.71,93,75,26.46,broken clouds
49,Hobart,AU,2022-05-24 00:30:03,-42.8794,147.3294,50.25,89,75,9.22,broken clouds
50,Christchurch,NZ,2022-05-24 00:38:37,-43.5333,172.6333,61.41,54,0,3.44,clear sky
51,College,US,2022-05-24 00:38:38,64.8569,-147.8028,61.59,27,20,10.36,few clouds
52,Santa Rosa,PH,2022-05-24 00:38:38,14.3122,121.1114,87.12,77,67,3.02,broken clouds
53,Victoria,HK,2022-05-24 00:36:25,22.2855,114.1577,82.18,93,100,11.01,overcast clouds
54,Faanui,PF,2022-05-24 00:34:38,-16.4833,-151.75,80.82,73,5,14.23,light rain
55,Santa Marta,CO,2022-05-24 00:38:38,11.2408,-74.199,87.85,66,40,3.44,scattered clouds
56,Rafraf,TN,2022-05-24 00:38:39,37.1904,10.1837,68.31,79,56,5.84,broken clouds
57,Busselton,AU,2022-05-24 00:33:26,-33.65,115.3333,63.66,75,60,17.49,broken clouds
58,Nchelenge,ZM,2022-05-24 00:38:39,-9.3451,28.734,67.78,71,36,6.13,scattered clouds
59,Georgetown,MY,2022-05-24 00:33:22,5.4112,100.3354,84.13,88,20,2.3,few clouds
60,Nizhniy Kuranakh,RU,2022-05-24 00:38:39,58.8353,125.4869,47.21,84,100,7.56,light rain
61,Dangriga,BZ,2022-05-24 00:38:40,16.9692,-88.2321,82.31,63,100,13.56,overcast clouds
62,Kavaratti,IN,2022-05-24 00:38:40,10.5669,72.642,82.53,81,96,13.91,overcast clouds
63,Dikson,RU,2022-05-24 00:34:41,73.5069,80.5464,24.85,90,13,10.11,few clouds
64,Bow Island,CA,2022-05-24 00:38:41,49.8668,-111.3684,71.78,18,96,6.91,overcast clouds
65,Avarua,CK,2022-05-24 00:38:41,-21.2078,-159.775,82.45,83,75,2.3,broken clouds
66,Kirakira,SB,2022-05-24 00:38:41,-10.4544,161.9205,84.04,74,96,6.85,overcast clouds
67,Ponferrada,ES,2022-05-24 00:38:42,42.5466,-6.5962,51.22,89,71,1.99,broken clouds
68,Bubaque,GW,2022-05-24 00:38:42,11.2833,-15.8333,77.86,74,6,20.2,clear sky
69,Kodiak,US,2022-05-24 00:33:18,57.79,-152.4072,45.91,87,100,13.8,overcast clouds
70,Bengkulu,ID,2022-05-24 00:38:42,-3.8004,102.2655,80.56,74,64,2.66,broken clouds
71,Hithadhoo,MV,2022-05-24 00:35:48,-0.6,73.0833,83.64,71,93,9.28,overcast clouds
72,Faya,SA,2022-05-24 00:38:43,18.3851,42.4509,69.91,22,1,2.73,clear sky
73,Wamba,NG,2022-05-24 00:38:43,8.9333,8.6,72.16,96,92,1.61,light rain
74,Hilo,US,2022-05-24 00:33:30,19.7297,-155.09,87.28,77,100,13.8,overcast clouds
75,Ambulu,ID,2022-05-24 00:38:44,-8.345,113.6058,80.37,70,33,1.95,scattered clouds
76,Vaini,TO,2022-05-24 00:34:31,-21.2,-175.2,80.76,89,40,5.75,scattered clouds
77,Sokode,TG,2022-05-24 00:38:44,8.9833,1.1333,73.11,94,0,0.0,clear sky
78,Lorengau,PG,2022-05-24 00:35:45,-2.0226,147.2712,86.14,62,80,13.24,broken clouds
79,Cabo San Lucas,MX,2022-05-24 00:34:42,22.8909,-109.9124,84.61,53,0,11.5,clear sky
80,Castro,BR,2022-05-24 00:38:44,-24.7911,-50.0119,50.34,81,3,2.57,clear sky
81,Carnarvon,AU,2022-05-24 00:33:23,-24.8667,113.6333,72.25,54,11,9.31,few clouds
82,Hermanus,ZA,2022-05-24 00:33:22,-34.4187,19.2345,59.94,81,100,10.96,overcast clouds
83,Igarka,RU,2022-05-24 00:33:19,67.4667,86.5833,43.56,86,100,13.82,overcast clouds
84,Tukrah,LY,2022-05-24 00:38:45,32.5341,20.5791,67.57,26,0,3.02,clear sky
85,Paamiut,GL,2022-05-24 00:38:45,61.994,-49.6678,31.08,83,100,13.15,overcast clouds
86,Mahebourg,MU,2022-05-24 00:38:46,-20.4081,57.7,75.25,73,20,10.36,few clouds
87,Coihaique,CL,2022-05-24 00:34:22,-45.5752,-72.0662,35.55,87,100,8.05,light rain
88,Babra,IN,2022-05-24 00:38:46,21.85,71.3,82.29,68,79,14.0,broken clouds
89,Bhadasar,IN,2022-05-24 00:38:46,28.2833,74.3167,77.83,59,0,15.57,clear sky
90,Halifax,CA,2022-05-24 00:37:09,44.6453,-63.5724,50.0,79,99,6.91,overcast clouds
91,Thompson,CA,2022-05-24 00:34:35,55.7435,-97.8558,51.96,40,40,16.11,scattered clouds
92,Kruisfontein,ZA,2022-05-24 00:38:47,-34.0033,24.7314,55.17,79,9,3.4,clear sky
93,Khandyga,RU,2022-05-24 00:33:28,62.6667,135.6,55.89,47,52,8.75,broken clouds
94,Hualmay,PE,2022-05-24 00:38:47,-11.0964,-77.6139,64.15,85,0,10.56,clear sky
95,Kaitangata,NZ,2022-05-24 00:39:47,-46.2817,169.8464,51.6,86,100,13.73,overcast clouds
96,Chhuikhadan,IN,2022-05-24 00:39:48,21.5333,80.9833,86.22,36,44,2.89,scattered clouds
97,Geraldton,AU,2022-05-24 00:39:48,-28.7667,114.6,64.81,88,75,12.66,broken clouds
98,Taoudenni,ML,2022-05-24 00:39:48,22.6783,-3.9836,91.69,11,0,8.7,clear sky
99,Mandalay,MM,2022-05-24 00:39:49,21.9747,96.0836,81.9,74,84,6.15,broken clouds
100,Clyde River,CA,2022-05-24 00:39:49,70.4692,-68.5914,14.23,57,20,11.5,few clouds
101,Karratha,AU,2022-05-24 00:39:49,-20.7377,116.8463,75.63,55,22,12.08,few clouds
102,Haines Junction,CA,2022-05-24 00:35:43,60.7522,-137.5108,57.15,35,100,10.36,overcast clouds
103,Port Elizabeth,ZA,2022-05-24 00:39:50,-33.918,25.5701,52.09,100,0,4.61,clear sky
104,Chokurdakh,RU,2022-05-24 00:33:22,70.6333,147.9167,34.02,100,100,6.64,overcast clouds
105,Murindo,CO,2022-05-24 00:39:50,6.9848,-76.7544,75.04,96,100,3.09,overcast clouds
106,Luderitz,NA,2022-05-24 00:39:51,-26.6481,15.1594,62.6,52,69,4.61,broken clouds
107,Tecoanapa,MX,2022-05-24 00:39:51,16.5167,-98.75,82.13,74,96,6.64,overcast clouds
108,Pevek,RU,2022-05-24 00:34:39,69.7008,170.3133,37.81,86,99,8.12,overcast clouds
109,Seoul,KR,2022-05-24 00:38:48,37.5683,126.9778,71.2,56,75,3.44,broken clouds
110,Morehead,US,2022-05-24 00:39:51,37.2711,-87.1764,62.35,67,100,3.44,overcast clouds
111,Ust-Kuyga,RU,2022-05-24 00:39:52,70.0167,135.6,36.23,97,100,1.32,overcast clouds
112,Arraial Do Cabo,BR,2022-05-24 00:34:35,-22.9661,-42.0278,58.96,94,0,2.3,clear sky
113,Nikolskoye,RU,2022-05-24 00:36:43,59.7035,30.7861,42.69,73,100,3.62,overcast clouds
114,Salisbury,GB,2022-05-24 00:39:52,51.0693,-1.7957,51.69,92,75,6.91,light intensity drizzle
115,Guerrero Negro,MX,2022-05-24 00:38:07,27.9769,-114.0611,64.24,67,0,14.65,clear sky
116,Nome,US,2022-05-24 00:39:52,64.5011,-165.4064,61.16,50,0,5.75,clear sky
117,Walvis Bay,NA,2022-05-24 00:39:53,-22.9575,14.5053,59.95,36,0,4.61,clear sky
118,Kisangani,CD,2022-05-24 00:39:53,0.5167,25.2,68.9,98,100,2.8,light rain
119,Poum,NC,2022-05-24 00:39:53,-20.2333,164.0167,77.31,74,100,13.0,overcast clouds
120,Novo Aripuana,BR,2022-05-24 00:39:54,-5.1206,-60.3797,77.88,72,91,1.54,overcast clouds
121,Thinadhoo,MV,2022-05-24 00:39:54,0.5333,72.9333,83.5,73,45,11.27,scattered clouds
122,Puerto Escondido,MX,2022-05-24 00:32:33,15.85,-97.0667,85.03,70,0,3.44,clear sky
123,Bozeman,US,2022-05-24 00:39:54,45.6796,-111.0386,57.69,34,20,4.61,few clouds
124,Fairbanks,US,2022-05-24 00:31:40,64.8378,-147.7164,61.61,28,20,10.36,few clouds
125,Severo-Kurilsk,RU,2022-05-24 00:36:50,50.6789,156.125,41.61,96,100,16.75,overcast clouds
126,Carutapera,BR,2022-05-24 00:39:55,-1.195,-46.02,74.53,93,66,3.85,broken clouds
127,Iqaluit,CA,2022-05-24 00:35:55,63.7506,-68.5145,20.93,67,75,9.22,broken clouds
128,Saint George,US,2022-05-24 00:32:05,37.1041,-113.5841,82.99,9,0,13.8,clear sky
129,Beringovskiy,RU,2022-05-24 00:37:53,63.05,179.3167,39.69,77,100,5.32,overcast clouds
130,Hami,CN,2022-05-24 00:39:45,42.8,93.45,89.69,11,91,17.0,overcast clouds
131,Upernavik,GL,2022-05-24 00:35:44,72.7868,-56.1549,31.19,98,100,8.93,light snow
132,Luganville,VU,2022-05-24 00:39:56,-15.5333,167.1667,83.1,73,98,7.11,overcast clouds
133,San Antonio,US,2022-05-24 00:38:20,29.4241,-98.4936,77.68,80,20,13.8,few clouds
134,Saint Cloud,US,2022-05-24 00:39:56,45.5608,-94.1625,64.38,32,75,11.5,broken clouds
135,Antofagasta,CL,2022-05-24 00:39:56,-23.65,-70.4,58.28,85,47,2.57,scattered clouds
136,Brae,GB,2022-05-24 00:39:57,60.3964,-1.353,48.34,89,100,8.55,overcast clouds
137,Tchibanga,GA,2022-05-24 00:39:57,-2.85,11.0333,65.64,97,96,0.81,overcast clouds
138,Port Lincoln,AU,2022-05-24 00:39:57,-34.7333,135.8667,64.49,61,100,19.89,overcast clouds
139,Rawson,AR,2022-05-24 00:40:58,-43.3002,-65.1023,50.0,49,86,14.92,overcast clouds
140,Choya,RU,2022-05-24 00:40:58,52.0108,86.5467,56.26,60,82,1.7,broken clouds
141,Pangai,TO,2022-05-24 00:40:58,-19.8,-174.35,82.51,74,20,8.05,few clouds
142,Boca Do Acre,BR,2022-05-24 00:40:59,-8.7522,-67.3978,77.95,72,99,1.54,overcast clouds
143,Zeya,RU,2022-05-24 00:40:59,53.75,127.2667,53.65,60,96,9.62,overcast clouds
144,Ishigaki,JP,2022-05-24 00:40:59,24.3448,124.1572,78.93,89,75,3.44,broken clouds
145,Tiksi,RU,2022-05-24 00:34:33,71.6872,128.8694,31.77,99,100,4.63,light snow
146,Fort Nelson,CA,2022-05-24 00:37:32,58.8053,-122.7002,60.39,41,75,8.05,broken clouds
147,San Quintin,MX,2022-05-24 00:41:00,30.4833,-115.95,61.93,73,0,8.1,clear sky
148,Salvador,SV,2022-05-24 00:41:00,13.8333,-88.9167,77.4,94,100,2.98,overcast clouds
149,Bowen,AU,2022-05-24 00:41:00,-20.0167,148.2333,73.33,69,0,6.24,clear sky
150,Progreso,MX,2022-05-24 00:37:41,21.2833,-89.6667,89.71,76,98,15.93,overcast clouds
151,Nanortalik,GL,2022-05-24 00:35:43,60.1432,-45.2371,34.03,89,51,20.22,broken clouds
152,Petropavlovsk-Kamchatskiy,RU,2022-05-24 00:36:55,53.0452,158.6483,45.19,93,75,6.71,broken clouds
153,Bredasdorp,ZA,2022-05-24 00:35:46,-34.5322,20.0403,56.01,77,100,7.61,overcast clouds
154,Biltine,TD,2022-05-24 00:41:01,14.5333,20.9167,82.06,12,27,7.54,scattered clouds
155,Salalah,OM,2022-05-24 00:29:28,17.0151,54.0924,84.29,84,75,6.91,broken clouds
156,Deputatskiy,RU,2022-05-24 00:38:12,69.3,139.9,37.0,87,17,3.76,few clouds
157,Paris,FR,2022-05-24 00:39:27,48.8534,2.3488,56.77,92,75,9.22,broken clouds
158,Chuy,UY,2022-05-24 00:34:38,-33.6971,-53.4616,53.49,81,66,5.77,broken clouds
159,Qui Nhon,VN,2022-05-24 00:36:29,13.7667,109.2333,83.32,72,97,9.46,overcast clouds
160,Lagoa,PT,2022-05-24 00:34:37,39.05,-27.9833,60.89,84,40,14.41,scattered clouds
161,Denpasar,ID,2022-05-24 00:41:02,-8.65,115.2167,80.26,78,20,2.3,few clouds
162,Pangnirtung,CA,2022-05-24 00:33:24,66.1451,-65.7125,3.85,94,15,6.71,few clouds
163,Amahai,ID,2022-05-24 00:41:02,-3.3333,128.9167,83.93,74,100,1.25,overcast clouds
164,Bambous Virieux,MU,2022-05-24 00:41:02,-20.3428,57.7575,75.22,73,20,10.36,few clouds
165,Mount Isa,AU,2022-05-24 00:41:03,-20.7333,139.5,73.17,49,16,12.66,few clouds
166,Bilibino,RU,2022-05-24 00:41:03,68.0546,166.4372,57.38,39,42,11.14,scattered clouds
167,Palmer,US,2022-05-24 00:41:03,42.1584,-72.3287,66.61,50,75,8.05,broken clouds
168,Cockburn Town,TC,2022-05-24 00:41:04,21.4612,-71.1419,80.56,69,40,17.27,scattered clouds
169,Bardiyah,LY,2022-05-24 00:39:15,31.7561,25.0865,66.06,59,0,6.64,clear sky
170,Maloy,NO,2022-05-24 00:41:04,61.9353,5.1136,49.73,92,100,4.68,light rain
171,Klaksvik,FO,2022-05-24 00:41:04,62.2266,-6.589,43.72,88,100,6.06,light rain
172,Ribeira Grande,PT,2022-05-24 00:37:05,38.5167,-28.7,63.59,88,98,8.95,overcast clouds
173,Penzance,GB,2022-05-24 00:41:05,50.1186,-5.5371,52.48,77,38,19.39,scattered clouds
174,Sao Joao Da Ponte,BR,2022-05-24 00:41:05,-15.9292,-44.0078,60.4,59,0,3.44,clear sky
175,Basco,PH,2022-05-24 00:41:05,20.4487,121.9702,82.56,78,100,9.26,overcast clouds
176,Husavik,IS,2022-05-24 00:35:47,66.0449,-17.3389,39.13,86,87,4.38,overcast clouds
177,Bykovo,RU,2022-05-24 00:41:06,55.6361,38.0803,44.33,49,0,6.71,clear sky
178,Panama City,PA,2022-05-24 00:37:35,8.9936,-79.5197,80.29,92,75,3.44,broken clouds
179,Roma,US,2022-05-24 00:41:06,43.2128,-75.4557,58.37,68,100,1.01,overcast clouds
180,Maumere,ID,2022-05-24 00:41:07,-8.6199,122.2111,83.84,67,44,3.67,scattered clouds
181,Abu Samrah,SY,2022-05-24 00:41:07,35.3029,37.1841,62.65,65,2,13.8,clear sky
182,Westport,US,2022-05-24 00:41:07,41.1415,-73.3579,68.09,52,100,3.0,overcast clouds
183,Raahe,FI,2022-05-24 00:41:08,64.6833,24.4833,39.29,63,0,7.27,clear sky
184,Baruun-Urt,MN,2022-05-24 00:42:08,46.6806,113.2792,54.46,44,100,16.51,overcast clouds
185,Maxixe,MZ,2022-05-24 00:42:08,-23.8597,35.3472,59.85,94,3,5.7,clear sky
186,Micheweni,TZ,2022-05-24 00:42:09,-4.9667,39.8333,78.35,83,99,10.31,overcast clouds
187,Mongo,TD,2022-05-24 00:42:09,12.1844,18.693,91.98,14,100,4.07,overcast clouds
188,Iwanai,JP,2022-05-24 00:42:09,42.9744,140.5089,60.28,81,95,4.88,overcast clouds
189,Callaguip,PH,2022-05-24 00:42:10,18.0714,120.4867,82.42,83,75,5.75,broken clouds
190,Osakarovka,KZ,2022-05-24 00:41:16,50.565,72.5692,57.97,36,0,5.68,clear sky
191,Callaway,US,2022-05-24 00:41:16,30.153,-85.5699,75.94,86,0,5.75,clear sky
192,Dakar,SN,2022-05-24 00:38:42,14.6937,-17.4441,71.73,78,75,13.8,broken clouds
193,Lapeer,US,2022-05-24 00:42:11,43.0514,-83.3188,55.89,50,100,0.0,overcast clouds
194,Huejuquilla El Alto,MX,2022-05-24 00:42:11,22.6,-103.8667,77.29,16,8,14.09,clear sky
195,Ponta Delgada,PT,2022-05-24 00:42:12,37.7333,-25.6667,62.51,82,20,4.61,few clouds
196,Narsaq,GL,2022-05-24 00:42:13,60.9167,-46.05,41.22,83,70,4.23,broken clouds
197,Harper,LR,2022-05-24 00:42:13,4.375,-7.7169,77.02,89,100,10.04,moderate rain
198,Matagami,CA,2022-05-24 00:42:14,49.7502,-77.6328,57.31,33,0,3.44,clear sky
199,Banda Aceh,ID,2022-05-24 00:42:14,5.5577,95.3222,82.78,76,100,10.6,overcast clouds
200,Lebu,CL,2022-05-24 00:35:49,-37.6167,-73.65,47.82,84,100,6.04,moderate rain
201,Sinegorye,RU,2022-05-24 00:42:14,62.0788,150.477,40.15,69,64,8.1,broken clouds
202,Vanimo,PG,2022-05-24 00:42:15,-2.6741,141.3028,85.24,68,19,6.82,few clouds
203,Sao Gabriel Da Cachoeira,BR,2022-05-24 00:42:15,-0.1303,-67.0892,72.1,98,32,2.17,light rain
204,Daru,PG,2022-05-24 00:42:15,-9.0763,143.2092,84.34,72,51,12.35,broken clouds
205,San Cristobal,VE,2022-05-24 00:42:16,7.7669,-72.225,73.58,91,100,2.39,overcast clouds
206,Coffs Harbour,AU,2022-05-24 00:42:16,-30.3,153.1333,65.14,77,100,12.66,overcast clouds
207,Dingle,PH,2022-05-24 00:42:16,10.9995,122.6711,85.19,71,11,0.45,few clouds
208,Whittlesea,ZA,2022-05-24 00:42:17,-32.1759,26.8244,52.05,61,12,6.11,few clouds
209,Souillac,MU,2022-05-24 00:42:17,-20.5167,57.5167,73.78,73,20,10.36,few clouds
210,Bethel,US,2022-05-24 00:42:17,41.3712,-73.414,66.65,57,0,4.61,clear sky
211,Chimore,BO,2022-05-24 00:42:18,-16.9833,-65.1333,71.33,87,100,2.57,overcast clouds
212,Herouville-Saint-Clair,FR,2022-05-24 00:42:18,49.2109,-0.3065,54.59,93,0,9.22,clear sky
213,Izumo,JP,2022-05-24 00:42:18,35.3667,132.7667,69.75,52,0,4.61,clear sky
214,Badou,TG,2022-05-24 00:42:19,7.5833,0.6,71.37,94,100,2.66,light rain
215,Srednekolymsk,RU,2022-05-24 00:35:53,67.45,153.6833,46.94,78,100,24.81,light rain
216,Ayagoz,KZ,2022-05-24 00:41:18,47.9714,80.4392,55.42,38,34,15.52,scattered clouds
217,Sandanski,BG,2022-05-24 00:42:19,41.5667,23.2833,61.75,74,53,1.68,broken clouds
218,Linxia,CN,2022-05-24 00:39:10,35.6003,103.2064,63.37,57,76,1.9,broken clouds
219,Colares,PT,2022-05-24 00:42:20,38.7992,-9.4469,61.29,71,0,20.0,clear sky
220,Quatre Cocos,MU,2022-05-24 00:42:20,-20.2078,57.7625,75.09,66,2,16.4,clear sky
221,La Ronge,CA,2022-05-24 00:35:55,55.1001,-105.2842,59.22,28,75,14.97,broken clouds
222,Balakhta,RU,2022-05-24 00:42:20,55.38,91.6,56.16,64,0,2.75,clear sky
223,Agadir,MA,2022-05-24 00:42:21,30.4202,-9.5982,64.85,86,1,7.94,clear sky
224,Tsumeb,NA,2022-05-24 00:42:21,-19.2333,17.7167,54.36,41,0,6.96,clear sky
225,Sorland,NO,2022-05-24 00:42:21,67.667,12.6934,49.86,89,100,13.76,overcast clouds
226,Hasaki,JP,2022-05-24 00:42:21,35.7333,140.8333,72.28,62,4,5.1,clear sky
227,Phu Ly,VN,2022-05-24 00:42:22,20.5411,105.9139,73.53,98,100,7.67,heavy intensity rain
228,Hambantota,LK,2022-05-24 00:34:32,6.1241,81.1185,80.26,82,100,16.73,overcast clouds
229,Aguas Vermelhas,BR,2022-05-24 00:42:22,-15.7472,-41.46,57.29,97,16,3.29,few clouds
230,Ancud,CL,2022-05-24 00:42:23,-41.8697,-73.8203,47.12,79,33,12.62,light rain
231,Mar Del Plata,AR,2022-05-24 00:38:30,-38.0023,-57.5575,56.08,87,100,2.3,moderate rain
232,Flinders,AU,2022-05-24 00:43:23,-34.5833,150.8552,66.06,84,17,5.01,light rain
233,Mahanoro,MG,2022-05-24 00:43:23,-19.9,48.8,66.88,88,8,3.58,clear sky
234,Ankang,CN,2022-05-24 00:43:24,32.68,109.0172,75.76,59,100,2.17,overcast clouds
235,Traverse City,US,2022-05-24 00:41:25,44.7631,-85.6206,51.91,50,75,6.91,broken clouds
236,Trinidad,BO,2022-05-24 00:43:24,-14.8333,-64.9,71.83,86,1,2.3,clear sky
237,East London,ZA,2022-05-24 00:34:34,-33.0153,27.9116,63.07,64,77,4.59,broken clouds
238,Cherskiy,RU,2022-05-24 00:43:24,68.75,161.3,56.98,44,100,21.56,overcast clouds
239,Mahibadhoo,MV,2022-05-24 00:43:25,3.7833,72.9667,82.9,77,96,11.74,overcast clouds
240,Axim,GH,2022-05-24 00:43:25,4.8699,-2.2405,77.47,86,100,7.74,moderate rain
241,Ambon,ID,2022-05-24 00:39:35,-3.6954,128.1814,78.94,89,20,1.14,light rain
242,Nea Stira,GR,2022-05-24 00:43:25,38.1833,24.2,74.84,65,7,2.26,clear sky
243,Praia Da Vitoria,PT,2022-05-24 00:43:25,38.7333,-27.0667,61.75,88,40,9.64,scattered clouds
244,Shakawe,BW,2022-05-24 00:43:26,-18.3667,21.85,48.58,49,3,4.7,clear sky
245,Orange Cove,US,2022-05-24 00:43:26,36.6244,-119.3137,92.79,10,37,6.2,scattered clouds
246,Butembo,CD,2022-05-24 00:43:27,0.15,29.2833,57.88,97,99,2.59,light rain
247,Constitucion,CL,2022-05-24 00:43:28,-35.3333,-72.4167,52.97,91,100,4.54,overcast clouds
248,Miguel Auza,MX,2022-05-24 00:43:29,24.2933,-103.4503,81.07,8,3,17.18,clear sky
249,Cayenne,GF,2022-05-24 00:43:29,4.9333,-52.3333,81.09,1,0,1.99,clear sky
250,Portland,US,2022-05-24 00:34:32,45.5234,-122.6762,72.18,52,20,9.22,few clouds
251,Saldanha,ZA,2022-05-24 00:43:29,-33.0117,17.9442,59.34,94,100,6.6,overcast clouds
252,Samarinda,ID,2022-05-24 00:43:30,-0.5,117.15,85.24,67,24,2.95,few clouds
253,Codrington,AU,2022-05-24 00:43:30,-38.2667,141.9667,62.44,54,0,7.81,clear sky
254,Tocopilla,CL,2022-05-24 00:41:54,-22.092,-70.1979,62.89,74,19,4.0,few clouds
255,Mamontovo,RU,2022-05-24 00:43:30,52.7055,81.6244,57.76,49,89,11.9,overcast clouds
256,Sabang,ID,2022-05-24 00:43:31,5.8933,95.3214,83.93,74,100,17.11,overcast clouds
257,Mulege,MX,2022-05-24 00:43:31,26.8833,-111.9833,82.44,42,0,5.84,clear sky
258,Palauig,PH,2022-05-24 00:43:31,15.435,119.9045,85.62,68,16,9.28,few clouds
259,Haimen,CN,2022-05-24 00:43:31,23.1935,116.6142,71.49,92,100,13.87,overcast clouds
260,Ipixuna,BR,2022-05-24 00:43:32,-1.7625,-48.8043,72.73,98,100,3.67,overcast clouds
261,Constantine,DZ,2022-05-24 00:43:32,36.365,6.6147,65.61,59,0,4.61,clear sky
262,Akdepe,TM,2022-05-24 00:43:33,42.0551,59.3788,66.29,23,100,14.45,overcast clouds
263,Mamallapuram,IN,2022-05-24 00:43:33,12.6264,80.1722,86.05,77,78,12.37,broken clouds
264,Veraval,IN,2022-05-24 00:43:33,20.9,70.3667,83.95,73,100,16.51,overcast clouds
265,Kuopio,FI,2022-05-24 00:43:33,62.8924,27.677,46.35,76,0,1.14,clear sky
266,Akyab,MM,2022-05-24 00:43:34,20.15,92.9,77.36,86,100,5.06,overcast clouds
267,Whitley Bay,GB,2022-05-24 00:43:34,55.0397,-1.4471,52.2,80,0,6.91,clear sky
268,Inhambane,MZ,2022-05-24 00:43:34,-23.865,35.3833,60.64,93,2,6.42,clear sky
269,Margate,GB,2022-05-24 00:35:54,51.3813,1.3862,51.69,87,26,4.0,scattered clouds
270,Davenport,US,2022-05-24 00:43:26,41.5236,-90.5776,64.27,41,0,9.22,clear sky
271,Lahij,YE,2022-05-24 00:43:35,13.1667,44.5833,82.27,42,3,0.76,clear sky
272,Te Anau,NZ,2022-05-24 00:43:35,-45.4167,167.7167,50.65,81,100,2.91,overcast clouds
273,Comodoro Rivadavia,AR,2022-05-24 00:43:35,-45.8667,-67.5,44.46,49,0,5.75,clear sky
274,Keelung,TW,2022-05-24 00:43:36,25.1283,121.7419,77.05,86,100,4.99,overcast clouds
275,Zagare,LT,2022-05-24 00:44:36,56.3592,23.25,43.86,70,0,3.89,clear sky
276,Cidreira,BR,2022-05-24 00:44:36,-30.1811,-50.2056,61.52,83,0,7.67,clear sky
277,Sambava,MG,2022-05-24 00:35:46,-14.2667,50.1667,70.25,81,24,9.42,few clouds
278,Qaqortoq,GL,2022-05-24 00:44:19,60.7167,-46.0333,35.02,79,61,15.99,broken clouds
279,Tuim,RU,2022-05-24 00:44:37,54.3417,89.9261,55.47,48,0,3.89,clear sky
280,Vestmanna,FO,2022-05-24 00:44:37,62.1564,-7.1664,41.92,100,100,10.36,light rain
281,Sonoita,MX,2022-05-24 00:44:37,31.85,-112.8333,83.03,15,16,12.66,few clouds
282,Payo,ID,2022-05-24 00:44:37,-3.7508,103.6372,77.29,88,100,0.51,overcast clouds
283,Bulawayo,ZW,2022-05-24 00:40:01,-20.15,28.5833,50.29,56,0,4.27,clear sky
284,Takanabe,JP,2022-05-24 00:44:38,32.1333,131.5,71.49,64,56,4.74,broken clouds
285,Qiqihar,CN,2022-05-24 00:44:38,47.3408,123.9672,53.94,67,100,5.61,light rain
286,San Patricio,US,2022-05-24 00:35:52,28.017,-97.5169,81.32,71,16,14.79,few clouds
287,Inirida,CO,2022-05-24 00:44:38,3.8653,-67.9239,73.56,97,91,0.69,overcast clouds
288,Parana,AR,2022-05-24 00:44:38,-31.732,-60.5238,62.55,81,100,9.82,overcast clouds
289,Varia,FR,2022-05-24 00:44:39,44.5725,-0.1104,59.0,87,54,7.54,broken clouds
290,Yanji,CN,2022-05-24 00:44:39,42.9075,129.5078,75.69,52,91,2.82,overcast clouds
291,Rorvik,NO,2022-05-24 00:44:39,64.8621,11.2373,51.1,79,100,9.15,overcast clouds
292,Gat,IL,2022-05-24 00:44:40,31.61,34.7642,69.4,78,0,4.0,clear sky
293,Kearney,US,2022-05-24 00:42:37,40.6995,-99.0815,51.71,88,100,1.99,overcast clouds
294,Vardo,NO,2022-05-24 00:34:42,70.3705,31.1107,35.58,87,6,19.57,clear sky
295,Muisne,EC,2022-05-24 00:44:40,0.6,-80.0333,77.5,83,100,11.3,overcast clouds
296,Rottingdean,GB,2022-05-24 00:44:40,50.8098,-0.0594,52.68,87,99,10.0,overcast clouds
297,Avera,US,2022-05-24 00:44:41,33.194,-82.5271,71.65,90,100,7.45,overcast clouds
298,Gizo,SB,2022-05-24 00:44:41,-8.103,156.8419,84.16,70,16,3.85,few clouds
299,Kibala,TD,2022-05-24 00:44:41,9.1104,18.3463,76.95,83,0,11.5,clear sky
300,Mizan Teferi,ET,2022-05-24 00:44:41,6.9833,35.5833,60.12,97,52,2.91,light rain
301,Havoysund,NO,2022-05-24 00:44:42,70.9963,24.6622,46.63,78,5,12.95,clear sky
302,Omsukchan,RU,2022-05-24 00:39:44,62.5333,155.8,39.18,88,100,11.21,overcast clouds
303,Saint-Philippe,RE,2022-05-24 00:44:42,-21.3585,55.7679,69.39,78,53,13.91,broken clouds
304,Cortez,US,2022-05-24 00:44:42,37.3489,-108.5859,61.7,26,75,4.61,broken clouds
305,Terney,RU,2022-05-24 00:44:43,45.0503,136.6092,54.19,81,100,6.53,light rain
306,Panjab,AF,2022-05-24 00:44:43,34.388,67.0233,46.06,30,0,1.9,clear sky
307,Kloulklubed,PW,2022-05-24 00:44:43,7.0419,134.2556,82.9,77,100,15.14,overcast clouds
308,Mangrol,IN,2022-05-24 00:44:43,21.1167,70.1167,83.86,73,100,16.22,overcast clouds
309,Marsh Harbour,BS,2022-05-24 00:44:44,26.5412,-77.0636,78.26,74,12,15.61,few clouds
310,Namatanai,PG,2022-05-24 00:44:44,-3.6667,152.4333,83.82,73,98,8.25,light rain
311,Pilar,BR,2022-05-24 00:44:44,-9.5972,-35.9567,75.13,92,54,4.12,broken clouds
312,Hamilton,US,2022-05-24 00:42:52,39.1834,-84.5333,62.73,72,75,10.36,broken clouds
313,Loa Janan,ID,2022-05-24 00:44:45,-0.583,117.095,84.9,68,42,2.84,scattered clouds
314,Makaha,US,2022-05-24 00:44:45,21.4694,-158.2175,85.91,47,20,10.36,few clouds
315,Minot,US,2022-05-24 00:44:00,48.2325,-101.2963,64.62,45,0,3.44,clear sky
316,Monte Patria,CL,2022-05-24 00:44:45,-30.6919,-70.9467,64.67,38,100,1.66,overcast clouds
317,Cap Malheureux,MU,2022-05-24 00:44:46,-19.9842,57.6142,75.47,68,2,11.99,clear sky
318,Aklavik,CA,2022-05-24 00:44:46,68.2191,-135.0107,37.85,60,11,5.97,few clouds
319,Asyut,EG,2022-05-24 00:44:46,27.181,31.1837,71.78,23,0,6.98,clear sky
320,Sinop,TR,2022-05-24 00:44:46,41.7711,34.8709,46.04,88,14,5.7,few clouds
321,Mareeba,AU,2022-05-24 00:45:51,-17.0,145.4333,76.48,80,95,3.94,overcast clouds
322,Pierre,US,2022-05-24 00:45:51,44.3683,-100.351,58.12,53,0,26.46,clear sky
323,Santa Isabel Do Rio Negro,BR,2022-05-24 00:45:51,-0.4139,-65.0192,73.11,95,34,2.46,scattered clouds
324,Caravelas,BR,2022-05-24 00:45:52,-17.7125,-39.2481,69.75,72,0,6.51,clear sky
325,Podor,MR,2022-05-24 00:45:52,16.6527,-14.9587,69.75,78,0,4.61,clear sky
326,Kahului,US,2022-05-24 00:45:52,20.8947,-156.47,86.02,63,75,21.85,broken clouds
327,Goure,NE,2022-05-24 00:45:52,13.9835,10.2704,82.08,12,63,4.7,broken clouds
328,Talnakh,RU,2022-05-24 00:45:53,69.4865,88.3972,33.21,85,100,1.14,overcast clouds
329,Krasnoselkup,RU,2022-05-24 00:45:53,65.7,82.4667,51.48,54,8,12.03,clear sky
330,Alugan,PH,2022-05-24 00:45:53,12.2188,125.4808,84.63,73,32,4.43,scattered clouds
331,Concarneau,FR,2022-05-24 00:45:54,47.875,-3.9225,51.82,83,17,11.34,few clouds
332,Touros,BR,2022-05-24 00:45:16,-5.1989,-35.4608,74.8,92,84,9.86,light rain
333,Sao Joao Da Barra,BR,2022-05-24 00:45:54,-21.6403,-41.0511,70.84,76,1,9.31,clear sky
334,Sabha,LY,2022-05-24 00:45:54,27.0377,14.4283,79.63,11,100,12.53,overcast clouds
335,Vernon,CA,2022-05-24 00:41:02,50.2581,-119.2691,64.76,45,63,4.61,broken clouds
336,Kihei,US,2022-05-24 00:45:55,20.785,-156.4656,86.02,67,75,21.85,broken clouds
337,Puerto Leguizamo,CO,2022-05-24 00:45:55,-0.1934,-74.7819,72.82,98,100,1.07,overcast clouds
338,Hoopstad,ZA,2022-05-24 00:45:55,-27.8327,25.9083,51.24,63,0,5.46,clear sky
339,Birjand,IR,2022-05-24 00:45:55,32.8663,59.2211,54.07,16,0,4.61,clear sky
340,Cruzeiro Do Sul,BR,2022-05-24 00:45:56,-29.5128,-51.9853,61.09,91,0,2.82,clear sky
341,Tezu,IN,2022-05-24 00:45:56,27.9167,96.1667,80.04,69,81,0.78,broken clouds
342,Korop,UA,2022-05-24 00:45:56,51.5664,32.9586,40.44,82,6,5.3,clear sky
343,Saint-Georges,GD,2022-05-24 00:45:56,12.0564,-61.7485,80.28,83,20,8.05,few clouds
344,La Reforma,MX,2022-05-24 00:45:57,25.0833,-108.05,77.9,58,0,6.98,clear sky
345,Yenagoa,NG,2022-05-24 00:45:57,4.9247,6.2642,71.15,96,100,1.01,overcast clouds
346,Launceston,AU,2022-05-24 00:45:57,-41.45,147.1667,52.81,93,0,6.91,clear sky
347,Grand Gaube,MU,2022-05-24 00:45:58,-20.0064,57.6608,75.38,68,1,11.99,clear sky
348,Dunedin,NZ,2022-05-24 00:45:24,-45.8742,170.5036,53.76,69,100,16.73,overcast clouds
349,Los Llanos De Aridane,ES,2022-05-24 00:45:58,28.6585,-17.9182,65.95,77,100,16.11,overcast clouds
350,Broome,US,2022-05-24 00:45:59,42.2506,-75.833,58.68,70,0,5.75,clear sky
351,Yulara,AU,2022-05-24 00:45:59,-25.2406,130.9889,66.0,48,100,6.78,overcast clouds
352,Rabat,MA,2022-05-24 00:45:59,33.9911,-6.8401,66.27,80,75,4.61,broken clouds
353,Changji,CN,2022-05-24 00:45:59,44.0167,87.3167,72.39,40,0,4.47,clear sky
354,Dustlik,UZ,2022-05-24 00:46:00,40.5247,68.0358,60.87,62,0,4.92,clear sky
355,Arbazh,RU,2022-05-24 00:46:00,57.6804,48.3065,30.85,96,100,6.13,overcast clouds
356,Saint Peter,BB,2022-05-24 00:46:00,13.25,-59.6167,79.36,78,100,13.31,overcast clouds
357,Deer Lake,CA,2022-05-24 00:45:28,49.1667,-57.4316,48.06,76,100,3.44,overcast clouds
358,Muleba,TZ,2022-05-24 00:46:01,-1.8397,31.6544,67.19,78,100,4.83,overcast clouds
359,Mustasaari,FI,2022-05-24 00:44:55,63.1142,21.6822,45.9,75,0,0.0,clear sky
360,Nampula,MZ,2022-05-24 00:46:01,-15.1165,39.2666,69.75,94,100,8.05,fog
361,Osoyoos,CA,2022-05-24 00:41:20,49.0331,-119.4524,66.96,69,99,6.91,overcast clouds
362,Norman Wells,CA,2022-05-24 00:46:02,65.282,-126.8329,51.84,40,75,9.22,broken clouds
363,Nouadhibou,MR,2022-05-24 00:46:02,20.931,-17.0347,66.18,88,0,14.97,clear sky
364,Iskateley,RU,2022-05-24 00:46:02,67.6803,53.1512,32.0,98,100,9.51,light snow
365,Bukachacha,RU,2022-05-24 00:46:05,52.9833,116.9167,62.42,30,9,8.34,clear sky
366,Marang,MY,2022-05-24 00:46:05,5.2056,103.2059,80.51,81,97,4.65,overcast clouds
367,Kingussie,GB,2022-05-24 00:47:05,57.08,-4.0523,45.57,92,100,3.02,overcast clouds
368,Avon,US,2022-05-24 00:45:26,41.4517,-82.0354,57.58,65,75,16.11,broken clouds
369,Villarrica,PY,2022-05-24 00:47:06,-25.75,-56.4333,59.65,83,0,5.44,clear sky
370,Petropavlovka,RU,2022-05-24 00:47:06,50.6114,105.3196,57.43,51,2,0.72,clear sky
371,Shatrovo,RU,2022-05-24 00:47:06,56.5167,64.6333,52.14,94,97,11.14,overcast clouds
372,Lockhart,US,2022-05-24 00:47:07,28.6194,-81.4426,84.99,69,0,12.66,clear sky
373,Borzya,RU,2022-05-24 00:47:07,50.3833,116.5167,62.15,26,3,17.69,clear sky
374,La Grande,US,2022-05-24 00:42:09,45.3246,-118.0877,62.37,45,59,6.06,broken clouds
375,Paracuru,BR,2022-05-24 00:47:07,-3.41,-39.0306,80.11,78,42,6.76,scattered clouds
376,Lichuan,CN,2022-05-24 00:47:08,30.3,108.85,61.97,78,99,1.61,overcast clouds
377,Vostok,RU,2022-05-24 00:47:08,46.4856,135.8833,65.48,58,100,5.61,overcast clouds
378,Pozo Colorado,PY,2022-05-24 00:47:09,-23.4923,-58.7972,67.21,59,0,6.26,clear sky
379,Sao Filipe,CV,2022-05-24 00:47:09,14.8961,-24.4956,71.87,76,12,7.38,few clouds
380,Aragats,AM,2022-05-24 00:47:09,40.4889,44.3528,38.77,82,39,4.23,scattered clouds
381,Nouakchott,MR,2022-05-24 00:43:36,18.0858,-15.9785,66.13,91,0,15.59,clear sky
382,Copiapo,CL,2022-05-24 00:42:57,-27.3667,-70.3333,53.29,58,96,0.74,overcast clouds
383,Bantry,IE,2022-05-24 00:47:10,51.6833,-9.45,48.78,92,96,6.17,overcast clouds
384,Olden,NO,2022-05-24 00:47:10,61.8364,6.8064,50.74,90,100,5.21,light rain
385,Taksimo,RU,2022-05-24 00:44:31,56.3444,114.8794,61.66,41,69,5.5,broken clouds
386,Plettenberg Bay,ZA,2022-05-24 00:47:10,-34.0527,23.3716,59.16,72,100,3.29,overcast clouds
387,Tabas,IR,2022-05-24 00:47:11,33.5959,56.9244,80.11,11,0,7.85,clear sky
388,Sumbe,AO,2022-05-24 00:47:11,-11.2061,13.8437,71.02,85,33,6.2,scattered clouds
389,Dzidzantun,MX,2022-05-24 00:47:12,21.25,-89.05,87.15,43,32,7.27,scattered clouds
390,Itoman,JP,2022-05-24 00:47:12,26.1247,127.6694,79.57,94,75,12.66,broken clouds
391,Darovskoy,RU,2022-05-24 00:47:12,58.77,47.9564,33.37,100,100,3.4,light snow
392,Asau,RO,2022-05-24 00:47:13,46.4333,26.4,52.72,100,75,0.81,broken clouds
393,Hofn,IS,2022-05-24 00:47:13,64.2539,-15.2082,46.45,88,19,4.38,few clouds
394,Komsomolskiy,UZ,2022-05-24 00:47:13,40.4272,71.7189,52.52,82,100,6.91,overcast clouds
395,Kamenka,RU,2022-05-24 00:47:13,51.3223,42.7678,37.6,81,2,6.13,clear sky
396,Mabaruma,GY,2022-05-24 00:47:14,8.2,-59.7833,72.07,98,100,2.17,overcast clouds
397,Ardakan,IR,2022-05-24 00:47:14,32.31,54.0175,79.79,12,0,7.56,clear sky
398,Port Moresby,PG,2022-05-24 00:47:15,-9.4431,147.1797,87.22,70,40,6.91,scattered clouds
399,Rundu,NA,2022-05-24 00:47:15,-17.9333,19.7667,47.88,45,0,5.73,clear sky
400,Kajaani,FI,2022-05-24 00:47:15,64.2273,27.7285,39.25,81,0,3.44,clear sky
401,Tuy Hoa,VN,2022-05-24 00:45:55,13.0833,109.3,83.84,69,73,6.13,broken clouds
402,Aksarayskiy,RU,2022-05-24 00:47:16,46.7924,48.0119,55.69,74,100,10.0,overcast clouds
403,Udachnyy,RU,2022-05-24 00:47:16,66.4167,112.4,35.46,86,100,16.84,overcast clouds
404,Pochutla,MX,2022-05-24 00:47:16,15.7432,-96.4661,89.42,64,2,7.45,clear sky
405,Plymouth,US,2022-05-24 00:44:29,41.8334,-70.8328,63.28,63,0,3.44,clear sky
406,Nador,MA,2022-05-24 00:47:17,35.174,-2.9287,77.25,41,0,11.5,clear sky
407,Ruidoso,US,2022-05-24 00:47:17,33.3317,-105.673,73.56,13,0,13.8,clear sky
408,Aviles,ES,2022-05-24 00:47:17,43.5547,-5.9248,55.92,87,100,12.66,moderate rain
409,Brokopondo,SR,2022-05-24 00:47:18,4.75,-55.1667,75.72,91,100,8.08,overcast clouds
410,Onega,RU,2022-05-24 00:47:18,63.9061,38.1404,33.06,86,100,12.41,overcast clouds
411,Kainantu,PG,2022-05-24 00:47:18,-6.2887,145.8655,74.35,59,12,4.7,few clouds
412,Kita,ML,2022-05-24 00:47:19,13.0349,-9.4895,87.6,37,100,7.09,light rain
413,Sarajevo,BA,2022-05-24 00:43:06,43.8486,18.3564,57.11,100,20,1.14,few clouds
414,Kavieng,PG,2022-05-24 00:48:19,-2.5744,150.7967,85.03,68,72,13.73,broken clouds
415,Lodwar,KE,2022-05-24 00:48:19,3.1191,35.5973,83.8,41,58,14.43,broken clouds
416,Hikari,JP,2022-05-24 00:48:20,33.955,131.95,71.58,60,1,4.16,clear sky
417,Kargasok,RU,2022-05-24 00:48:20,59.0556,80.8572,59.49,51,50,13.51,scattered clouds
418,Atasu,KZ,2022-05-24 00:48:20,48.6814,71.6433,57.42,34,71,6.82,broken clouds
419,Ninohe,JP,2022-05-24 00:48:21,40.2724,141.3061,70.3,48,1,8.81,clear sky
420,Viedma,AR,2022-05-24 00:48:21,-40.8135,-62.9967,50.16,46,100,14.72,overcast clouds
421,Hailar,CN,2022-05-24 00:48:24,49.2,119.7,61.12,31,24,14.52,few clouds
422,Port Blair,IN,2022-05-24 00:48:24,11.6667,92.75,84.24,84,100,11.5,mist
423,Jumla,NP,2022-05-24 00:48:24,29.2747,82.1838,54.14,77,78,2.75,broken clouds
424,Nanakuli,US,2022-05-24 00:48:25,21.3906,-158.1547,85.95,53,0,16.11,clear sky
425,Hit,IQ,2022-05-24 00:48:25,33.6416,42.8251,72.82,39,0,11.56,clear sky
426,Lumphat,KH,2022-05-24 00:48:25,13.4878,106.9816,75.94,95,100,2.39,overcast clouds
427,Maragogi,BR,2022-05-24 00:48:26,-9.0122,-35.2225,76.33,88,100,10.76,overcast clouds
428,Kidal,ML,2022-05-24 00:48:26,18.4411,1.4078,85.84,30,0,9.86,clear sky
429,Vila Franca Do Campo,PT,2022-05-24 00:48:27,37.7167,-25.4333,62.2,85,82,7.18,broken clouds
430,Thunder Bay,CA,2022-05-24 00:47:07,48.4001,-89.3168,58.91,33,75,17.27,broken clouds
431,Alofi,NU,2022-05-24 00:48:27,-19.0595,-169.9187,82.29,69,40,14.97,scattered clouds
432,Puntarenas,CR,2022-05-24 00:48:27,9.9763,-84.8384,80.74,82,100,3.31,overcast clouds
433,Tamandare,BR,2022-05-24 00:48:02,-8.7597,-35.1047,76.44,88,100,9.82,light rain
434,Xining,CN,2022-05-24 00:48:28,36.6167,101.7667,61.95,50,78,5.37,broken clouds
435,Lata,PT,2022-05-24 00:48:28,40.1629,-8.3327,56.07,95,18,4.07,few clouds
436,Toyooka,JP,2022-05-24 00:48:28,35.5333,134.8333,69.85,56,0,1.14,clear sky
437,Terrace,CA,2022-05-24 00:48:29,54.5163,-128.6035,60.71,44,75,14.97,broken clouds
438,Iramuco,MX,2022-05-24 00:48:29,19.95,-100.9167,62.44,78,100,4.32,overcast clouds
439,Vulcan,RO,2022-05-24 00:48:29,45.3833,23.2667,45.79,84,12,2.42,few clouds
440,Sarangani,PH,2022-05-24 00:48:30,5.4033,125.4636,84.04,73,31,10.36,scattered clouds
441,Buala,SB,2022-05-24 00:48:30,-8.145,159.5921,86.23,65,49,5.3,scattered clouds
442,Jalu,LY,2022-05-24 00:48:30,29.0331,21.5482,74.5,11,0,9.35,clear sky
443,Soltsy,RU,2022-05-24 00:48:31,58.1239,30.3238,41.16,87,93,5.59,overcast clouds
444,Qasigiannguit,GL,2022-05-24 00:48:31,68.8193,-51.1922,32.25,94,100,4.56,overcast clouds
445,Monrovia,LR,2022-05-24 00:44:00,6.3005,-10.7969,75.52,92,100,5.61,moderate rain
446,Ust-Maya,RU,2022-05-24 00:48:32,60.4167,134.5333,57.85,44,88,5.75,overcast clouds
447,Myitkyina,MM,2022-05-24 00:48:32,25.3833,97.4,79.34,79,70,1.52,broken clouds
448,Atar,MR,2022-05-24 00:48:32,20.5169,-13.0499,90.28,18,18,6.02,few clouds
449,Mineros,BO,2022-05-24 00:48:33,-17.1167,-63.2333,72.37,82,100,4.0,overcast clouds
450,Oppdal,NO,2022-05-24 00:48:33,62.5943,9.6912,47.23,85,100,11.03,overcast clouds
451,Chapais,CA,2022-05-24 00:48:33,49.7834,-74.8492,51.58,66,6,5.06,clear sky
452,Kurilsk,RU,2022-05-24 00:48:33,45.2333,147.8833,40.71,94,97,17.05,light rain
453,Kizukuri,JP,2022-05-24 00:48:38,40.8061,140.3861,65.95,71,23,8.61,few clouds
454,Orange,US,2022-05-24 00:48:38,33.7,-117.7675,79.88,72,20,9.22,few clouds
455,Rosarito,MX,2022-05-24 00:45:42,32.3333,-117.0333,67.66,73,15,5.08,few clouds
456,Lensk,RU,2022-05-24 00:48:39,60.7253,114.9278,67.33,43,100,13.76,overcast clouds
457,Cedar City,US,2022-05-24 00:49:39,37.6775,-113.0619,64.4,11,0,13.8,clear sky
458,Presidencia Roque Saenz Pena,AR,2022-05-24 00:49:39,-26.7852,-60.4388,61.97,70,0,8.21,clear sky
459,Ometepec,MX,2022-05-24 00:49:40,16.6833,-98.4167,80.69,66,44,5.68,scattered clouds
460,Gazanjyk,TM,2022-05-24 00:49:40,39.2446,55.5154,77.86,19,83,17.94,broken clouds
461,Senador Jose Porfirio,BR,2022-05-24 00:49:40,-2.5908,-51.9542,74.07,96,100,3.0,moderate rain
462,Vila Velha,BR,2022-05-24 00:49:41,-20.3297,-40.2925,67.95,77,75,0.0,broken clouds
463,Litovko,RU,2022-05-24 00:49:41,49.2361,135.1742,58.19,85,100,5.7,moderate rain
464,Grindavik,IS,2022-05-24 00:49:41,63.8424,-22.4338,45.07,76,75,8.05,broken clouds
465,Wakema,MM,2022-05-24 00:49:42,16.6,95.1833,77.36,89,100,8.68,overcast clouds
466,George,ZA,2022-05-24 00:49:42,-33.963,22.4617,59.27,68,96,1.9,overcast clouds
467,Benemerito De Las Americas,MX,2022-05-24 00:49:42,16.5167,-90.6439,75.4,86,60,0.76,broken clouds
468,Sosnovo-Ozerskoye,RU,2022-05-24 00:49:42,52.5249,111.5418,56.25,40,0,4.72,clear sky
469,Boden,SE,2022-05-24 00:49:43,65.8252,21.6886,39.2,88,22,2.62,few clouds
470,Cairns,AU,2022-05-24 00:49:43,-16.9167,145.7667,81.1,78,100,12.66,overcast clouds
471,Azangaro,PE,2022-05-24 00:49:43,-14.9167,-70.2167,36.9,29,0,2.89,clear sky
472,Kaka,TM,2022-05-24 00:49:45,37.3482,59.6143,71.82,23,0,6.91,clear sky
473,Kandrian,PG,2022-05-24 00:49:45,-6.2167,149.55,87.24,60,14,5.14,few clouds
474,Nuevo Progreso,MX,2022-05-24 00:49:45,23.1667,-97.95,82.54,63,31,5.99,scattered clouds
475,Glenwood Springs,US,2022-05-24 00:49:46,39.5505,-107.3248,61.72,41,0,5.75,clear sky
476,Dalvik,IS,2022-05-24 00:47:56,65.9702,-18.5286,40.93,89,91,2.04,overcast clouds
477,Pitkyaranta,RU,2022-05-24 00:49:46,61.5734,31.4792,36.01,63,93,6.49,overcast clouds
478,Manturovo,RU,2022-05-24 00:45:37,58.3353,44.7619,27.81,98,100,4.03,overcast clouds
479,Bettendorf,US,2022-05-24 00:49:47,41.5245,-90.5157,64.44,40,100,9.22,overcast clouds
480,Corinto,GR,2022-05-24 00:48:35,37.9407,22.9573,66.42,69,5,3.89,clear sky
481,Sisimiut,GL,2022-05-24 00:49:47,66.9395,-53.6735,28.04,86,100,13.51,light snow
482,Xichang,CN,2022-05-24 00:49:47,27.8964,102.2634,69.58,75,86,1.54,overcast clouds
483,Samarai,PG,2022-05-24 00:49:48,-10.6167,150.6667,83.5,73,5,9.4,clear sky
484,Salekhard,RU,2022-05-24 00:49:48,66.53,66.6019,39.69,80,27,7.43,scattered clouds
485,Waipawa,NZ,2022-05-24 00:49:48,-41.4122,175.5153,55.33,59,33,2.64,scattered clouds
486,San Marcos,US,2022-05-24 00:49:49,33.1434,-117.1661,72.72,74,100,6.91,overcast clouds
487,Kuntaur,GM,2022-05-24 00:49:49,13.6667,-14.8833,78.33,49,58,11.99,broken clouds
488,Natal,BR,2022-05-24 00:49:03,-5.795,-35.2094,74.05,100,75,9.22,broken clouds
489,San Lorenzo,PY,2022-05-24 00:49:49,-25.3333,-57.5333,63.59,82,0,3.44,clear sky
490,Kuusamo,FI,2022-05-24 00:49:50,65.9667,29.1833,32.04,93,0,4.61,clear sky
491,Bandarbeyla,SO,2022-05-24 00:49:50,9.4942,50.8122,81.64,73,41,21.05,scattered clouds
492,Kolobrzeg,PL,2022-05-24 00:49:50,54.1757,15.5834,57.96,52,100,19.89,overcast clouds
493,Na Wa,TH,2022-05-24 00:49:51,17.4897,104.1006,84.24,84,100,4.5,overcast clouds
494,Pemangkat,ID,2022-05-24 00:49:51,1.1667,108.9667,81.91,82,60,6.02,broken clouds
495,Kadambur,IN,2022-05-24 00:49:51,8.9833,77.8667,79.84,73,100,10.0,overcast clouds
496,Sitka,US,2022-05-24 00:49:52,57.0531,-135.33,49.89,76,100,9.22,overcast clouds
497,Sao Felix Do Xingu,BR,2022-05-24 00:49:52,-6.6447,-51.995,70.83,96,10,1.88,clear sky
498,Huilong,CN,2022-05-24 00:49:52,31.8111,121.655,66.92,81,96,13.51,overcast clouds
499,Umm Lajj,SA,2022-05-24 00:49:53,25.0213,37.2685,75.83,63,0,9.51,clear sky
500,Puerto Carreno,CO,2022-05-24 00:45:11,6.189,-67.4859,78.76,82,97,4.27,overcast clouds
501,Kawalu,ID,2022-05-24 00:49:53,-7.3817,108.2082,78.17,78,94,3.53,overcast clouds
502,Tabou,CI,2022-05-24 00:49:53,4.423,-7.3528,76.51,89,100,9.35,moderate rain
503,Scottsbluff,US,2022-05-24 00:49:04,41.8666,-103.6672,56.52,69,75,11.5,broken clouds
504,Moose Factory,CA,2022-05-24 00:50:54,51.2585,-80.6094,66.2,27,0,10.36,clear sky
505,Port Hardy,CA,2022-05-24 00:50:54,50.6996,-127.4199,51.98,71,75,6.91,broken clouds
506,Hastings,GB,2022-05-24 00:50:55,50.8552,0.5729,53.35,86,87,12.73,overcast clouds
507,Tuatapere,NZ,2022-05-24 00:50:55,-46.1333,167.6833,53.8,79,98,14.34,overcast clouds
508,Dalbandin,PK,2022-05-24 00:50:55,28.8947,64.4101,71.76,9,0,0.67,clear sky
509,Veydelevka,RU,2022-05-24 00:50:55,50.1521,38.4492,41.41,80,12,3.27,few clouds
510,Valle De Allende,MX,2022-05-24 00:50:56,26.9333,-105.4,85.14,8,44,15.35,scattered clouds
511,Kaele,CM,2022-05-24 00:50:56,10.1092,14.4508,82.36,55,96,13.82,overcast clouds
512,Tairua,NZ,2022-05-24 00:50:56,-37.0167,175.85,60.91,57,24,1.52,few clouds
513,Kaupanger,NO,2022-05-24 00:50:57,61.1845,7.2404,50.09,97,100,4.34,light rain
514,Hokitika,NZ,2022-05-24 00:50:57,-42.7167,170.9667,53.04,78,95,1.16,overcast clouds
515,Anadyr,RU,2022-05-24 00:50:57,64.75,177.4833,61.3,39,0,4.47,clear sky
516,Emerald,AU,2022-05-24 00:50:58,-23.5333,148.1667,69.35,69,74,15.28,broken clouds
517,Altamira,BR,2022-05-24 00:50:58,-3.2033,-52.2064,75.29,94,75,0.0,broken clouds
518,Dawson Creek,CA,2022-05-24 00:50:58,55.7666,-120.2362,62.24,36,75,16.11,broken clouds
519,Shimoda,JP,2022-05-24 00:50:59,34.6667,138.95,71.96,71,41,5.95,scattered clouds
520,Takoradi,GH,2022-05-24 00:50:59,4.8845,-1.7554,77.41,87,100,8.46,moderate rain
521,Sept-Iles,CA,2022-05-24 00:50:10,50.2001,-66.3821,49.05,52,20,6.91,few clouds
522,Helena,US,2022-05-24 00:47:36,46.5927,-112.0361,61.81,29,75,12.66,broken clouds
523,Bilma,NE,2022-05-24 00:50:59,18.6853,12.9164,84.31,12,100,3.06,overcast clouds
524,Kokoda,PG,2022-05-24 00:51:00,-8.8785,147.7407,86.61,63,97,4.81,overcast clouds
525,Weligama,LK,2022-05-24 00:51:00,5.9667,80.4167,78.96,89,100,11.01,overcast clouds
526,Dale,US,2022-05-24 00:51:00,38.1689,-86.99,65.91,67,100,5.75,overcast clouds
527,Cocorit,MX,2022-05-24 00:51:01,27.5833,-109.9667,86.27,25,0,13.09,clear sky
528,Santa Vitoria Do Palmar,BR,2022-05-24 00:51:01,-33.5189,-53.3681,54.09,80,61,5.79,broken clouds
529,Tolaga Bay,NZ,2022-05-24 00:51:01,-38.3667,178.3,61.36,57,0,3.8,clear sky
530,Phetchabun,TH,2022-05-24 00:51:02,16.25,101.0833,79.07,84,100,4.36,overcast clouds
531,Matehuala,MX,2022-05-24 00:51:05,23.65,-100.65,73.08,56,1,15.28,clear sky
532,Cravo Norte,CO,2022-05-24 00:51:05,6.3017,-70.2041,79.45,70,4,3.31,clear sky
533,Mana,GF,2022-05-24 00:51:05,5.6592,-53.7767,76.69,87,20,6.93,few clouds
534,Ingham,US,2022-05-24 00:51:06,42.6,-84.3833,57.38,63,40,3.44,scattered clouds
535,Aksu,CN,2022-05-24 00:51:06,41.1231,80.2644,76.33,23,100,8.43,overcast clouds
536,Mpwapwa,TZ,2022-05-24 00:51:06,-6.35,36.4833,59.11,91,14,4.85,few clouds
537,Ukiah,US,2022-05-24 00:51:07,39.1502,-123.2078,85.44,34,0,13.8,clear sky
538,Esil,KZ,2022-05-24 00:51:07,51.9556,66.4042,59.88,51,6,14.83,clear sky
539,Esmeraldas,BR,2022-05-24 00:51:07,-19.7625,-44.3139,63.64,69,11,4.9,few clouds
540,Wanning,CN,2022-05-24 00:51:07,18.8003,110.3967,82.89,82,100,6.4,moderate rain
541,Gao,ML,2022-05-24 00:51:08,16.6362,1.637,84.94,32,99,8.57,overcast clouds
542,Baoding,CN,2022-05-24 00:51:08,38.8511,115.4903,83.52,30,1,6.96,clear sky
543,Robstown,US,2022-05-24 00:51:08,27.7903,-97.6689,81.21,76,0,9.22,clear sky
544,Kukmor,RU,2022-05-24 00:51:09,56.1855,50.8944,32.4,93,98,6.64,overcast clouds
545,Chirongui,YT,2022-05-24 00:51:09,-12.9319,45.1483,76.93,73,6,1.95,clear sky
546,Otane,NZ,2022-05-24 00:51:09,-39.8833,176.6333,59.02,55,0,1.39,clear sky
547,Diofior,SN,2022-05-24 00:51:10,14.1833,-16.6667,70.12,81,21,9.64,few clouds
548,Huarmey,PE,2022-05-24 00:51:10,-10.0681,-78.1522,65.01,84,2,9.62,clear sky
549,Manali,IN,2022-05-24 00:51:10,13.1667,80.2667,86.09,84,85,11.5,overcast clouds
550,Neiafu,TO,2022-05-24 00:51:11,-18.65,-173.9833,84.88,74,40,10.36,scattered clouds
551,Bajos De Haina,DO,2022-05-24 00:52:11,18.4154,-70.0332,79.32,76,61,3.58,broken clouds
552,Gobabis,NA,2022-05-24 00:52:11,-22.45,18.9667,48.79,38,0,6.8,clear sky
553,Caucaia,BR,2022-05-24 00:47:27,-3.7361,-38.6531,80.55,77,0,5.75,clear sky
554,Roald,NO,2022-05-24 00:52:12,62.5833,6.1333,55.33,87,100,6.91,light rain
555,Bundaberg,AU,2022-05-24 00:52:12,-24.85,152.35,69.55,84,93,12.91,overcast clouds
556,Loiza,PR,2022-05-24 00:52:12,18.4313,-65.8802,81.07,83,75,10.36,broken clouds
557,Evensk,RU,2022-05-24 00:52:13,61.95,159.2333,38.05,96,100,3.91,light rain
558,Jinxiang,CN,2022-05-24 00:52:13,27.4327,120.6062,68.5,86,100,3.69,overcast clouds
559,Manono,CD,2022-05-24 00:52:13,-7.3,27.4167,69.44,67,83,3.18,broken clouds
560,Yebaishou,CN,2022-05-24 00:52:13,41.3975,119.6408,80.74,28,43,18.97,scattered clouds
561,Pasni,PK,2022-05-24 00:52:14,25.2631,63.471,81.16,93,0,11.34,clear sky
562,Kalmunai,LK,2022-05-24 00:52:14,7.4167,81.8167,79.41,80,100,8.14,overcast clouds
563,Lundazi,ZM,2022-05-24 00:52:14,-12.2929,33.1782,61.56,80,45,4.88,scattered clouds
564,Kralendijk,BQ,2022-05-24 00:52:15,12.15,-68.2667,80.58,83,0,19.57,clear sky
565,Oum Hadjer,TD,2022-05-24 00:52:15,13.2954,19.6966,84.18,7,0,12.28,clear sky
566,Channel-Port Aux Basques,CA,2022-05-24 00:52:15,47.5702,-59.1367,44.1,87,16,10.02,few clouds
567,Russell,US,2022-05-24 00:52:16,32.3502,-85.1999,71.96,88,75,4.61,broken clouds
568,Isla Vista,US,2022-05-24 00:52:16,34.4133,-119.861,75.9,54,9,6.69,clear sky
569,Ketchikan,US,2022-05-24 00:52:17,55.3422,-131.6461,50.47,76,100,6.91,overcast clouds
570,Arlit,NE,2022-05-24 00:52:17,18.7369,7.3853,84.45,25,14,5.12,few clouds
571,Villaviciosa,ES,2022-05-24 00:52:17,43.4813,-5.4357,56.16,87,79,5.46,broken clouds
572,Waitati,NZ,2022-05-24 00:50:10,-45.75,170.5667,54.34,64,100,11.3,overcast clouds
573,Pirovskoye,RU,2022-05-24 00:52:18,57.6267,92.2658,56.68,65,45,2.01,scattered clouds
574,Pafos,CY,2022-05-24 00:50:12,34.7667,32.4167,65.23,72,0,5.75,clear sky
575,Lang Suan,TH,2022-05-24 00:52:18,9.9456,99.0785,81.5,81,100,5.23,overcast clouds
576,Elko,US,2022-05-24 00:52:18,41.0002,-115.5012,66.22,17,98,14.0,overcast clouds
577,Sobolevo,RU,2022-05-24 00:52:19,54.4299,31.8996,40.84,95,7,7.61,clear sky
578,Fuerte Olimpo,PY,2022-05-24 00:52:19,-21.0415,-57.8738,74.05,47,30,7.27,scattered clouds
579,Kodinsk,RU,2022-05-24 00:52:20,58.6881,99.1844,66.16,45,100,5.41,overcast clouds
580,Tjome,NO,2022-05-24 00:52:20,59.1109,10.3933,56.14,81,75,3.44,broken clouds
581,Lagos,NG,2022-05-24 00:50:34,6.5833,3.75,75.52,94,100,3.91,overcast clouds
582,Kadom,RU,2022-05-24 00:52:20,54.5592,42.4675,37.09,83,100,6.69,overcast clouds
583,Yamada,JP,2022-05-24 00:52:21,39.4667,141.95,65.32,63,7,6.58,clear sky
584,Wajima,JP,2022-05-24 00:52:21,37.4,136.9,70.48,64,20,3.44,few clouds
585,Namibe,AO,2022-05-24 00:52:21,-15.1961,12.1522,67.17,77,0,8.1,clear sky
586,Totoral,PE,2022-05-24 00:52:22,-17.4053,-70.365,57.43,53,0,0.85,clear sky
587,Auki,SB,2022-05-24 00:52:22,-8.7676,160.7034,84.88,69,99,1.74,overcast clouds
588,Yanam,IN,2022-05-24 00:52:22,16.7333,82.2167,85.95,77,49,6.31,scattered clouds
589,Pulivendla,IN,2022-05-24 00:52:23,14.4167,78.2333,81.43,69,12,14.63,few clouds
590,Australind,AU,2022-05-24 00:52:23,-33.2667,115.7167,64.45,74,29,17.4,scattered clouds
591,Ulladulla,AU,2022-05-24 00:52:23,-35.35,150.4667,59.77,69,40,6.06,light rain
592,Tongren,CN,2022-05-24 00:52:24,27.7172,109.1853,64.54,94,100,0.96,overcast clouds
593,Laguna,US,2022-05-24 00:52:24,38.421,-121.4238,96.15,17,0,12.66,clear sky
594,Dabola,GN,2022-05-24 00:52:24,10.75,-11.1167,78.46,69,100,2.21,overcast clouds
595,Tougan,BF,2022-05-24 00:52:25,13.0667,-3.0667,81.46,47,98,0.78,overcast clouds
596,Marathon,US,2022-05-24 00:52:25,44.9,-89.7668,60.33,38,0,11.5,clear sky
597,Morondava,MG,2022-05-24 00:52:25,-20.2833,44.2833,70.18,75,0,6.46,clear sky
598,Ruteng,ID,2022-05-24 00:52:26,-8.6136,120.4721,72.79,61,61,1.5,broken clouds
599,Camacha,PT,2022-05-24 00:53:26,33.0833,-16.3333,62.02,72,40,12.66,scattered clouds
600,Codo,BR,2022-05-24 00:53:07,-4.4553,-43.8856,73.78,81,100,1.19,overcast clouds
601,Kimbe,PG,2022-05-24 00:53:26,-5.5502,150.1429,89.49,59,54,4.14,broken clouds
602,Visalia,US,2022-05-24 00:52:52,36.3302,-119.2921,93.94,23,0,10.36,clear sky
603,Byron Bay,AU,2022-05-24 00:49:44,-28.65,153.6167,61.72,72,100,8.86,overcast clouds
604,Aykhal,RU,2022-05-24 00:53:27,66.0,111.5,39.43,66,100,15.77,overcast clouds
605,Belle Fourche,US,2022-05-24 00:53:27,44.6714,-103.8522,57.33,53,62,3.74,broken clouds
606,Plainview,US,2022-05-24 00:53:28,40.7765,-73.4673,69.67,60,100,1.99,overcast clouds
607,Road Town,VG,2022-05-24 00:52:02,18.4167,-64.6167,80.64,78,40,11.5,scattered clouds
608,Ahipara,NZ,2022-05-24 00:53:28,-35.1667,173.1667,61.34,57,99,5.17,overcast clouds
609,Juba,SS,2022-05-24 00:53:28,4.8517,31.5825,70.41,93,100,4.43,light rain
610,Tateyama,JP,2022-05-24 00:53:29,34.9833,139.8667,67.86,68,3,5.86,clear sky
611,Drayton Valley,CA,2022-05-24 00:53:29,53.2168,-114.9854,56.44,64,97,14.5,overcast clouds
612,Alghero,IT,2022-05-24 00:53:29,40.5589,8.3181,68.14,88,71,10.27,broken clouds
613,Mosquera,CO,2022-05-24 00:52:51,4.7059,-74.2302,55.49,94,75,5.75,thunderstorm
614,Sitamarhi,IN,2022-05-24 00:53:30,26.6,85.4833,83.46,58,0,11.63,clear sky
615,Kaseda,JP,2022-05-24 00:53:30,31.4167,130.3167,70.86,70,100,1.59,overcast clouds
616,San Policarpo,PH,2022-05-24 00:53:30,12.1791,125.5072,84.36,75,43,4.43,scattered clouds
617,Gordeyevka,RU,2022-05-24 00:53:31,52.9569,31.9703,40.57,86,4,7.23,clear sky
618,Inuvik,CA,2022-05-24 00:53:31,68.3499,-133.7218,39.96,41,20,8.05,few clouds
619,Virginia Beach,US,2022-05-24 00:52:41,36.8529,-75.978,66.25,75,100,6.91,overcast clouds
620,Batemans Bay,AU,2022-05-24 00:53:31,-35.7167,150.1833,57.09,59,3,2.53,clear sky
621,Port Hedland,AU,2022-05-24 00:53:32,-20.3167,118.5667,78.85,83,100,4.61,overcast clouds
622,Port-Cartier,CA,2022-05-24 00:53:32,50.0334,-66.8654,48.74,64,4,5.41,clear sky
623,Kathu,TH,2022-05-24 00:53:32,7.9178,98.3332,86.7,99,100,12.01,overcast clouds
624,Ternate,ID,2022-05-24 00:53:33,0.8,127.4,83.3,75,100,4.18,overcast clouds
625,Tangjiazhuang,CN,2022-05-24 00:53:33,39.7333,118.45,83.89,28,0,6.87,clear sky
626,Alanya,TR,2022-05-24 00:50:10,36.5438,31.9998,70.34,69,0,2.15,clear sky
627,Ziway,ET,2022-05-24 00:53:33,7.9333,38.7167,65.48,75,13,7.31,few clouds
628,Ikom,NG,2022-05-24 00:53:34,5.9667,8.7063,71.33,97,100,1.63,overcast clouds
629,Joensuu,FI,2022-05-24 00:53:34,62.6012,29.7632,39.69,81,0,3.44,clear sky
630,Lander,US,2022-05-24 00:53:34,42.833,-108.7307,56.1,49,99,3.4,overcast clouds
631,Cizre,TR,2022-05-24 00:53:35,37.3272,42.1903,62.76,58,8,2.21,clear sky
632,Boyolangu,ID,2022-05-24 00:53:35,-8.1181,111.8935,80.4,74,69,3.0,broken clouds
633,Itarema,BR,2022-05-24 00:53:35,-2.9248,-39.9167,75.88,85,100,5.37,overcast clouds
634,Odweyne,SO,2022-05-24 00:53:35,9.4092,45.064,76.42,53,39,10.63,scattered clouds
635,Katsuura,JP,2022-05-24 00:53:36,35.1333,140.3,68.22,66,10,4.65,clear sky
636,Pedasi,PA,2022-05-24 00:53:36,7.5333,-80.0333,80.06,79,100,3.18,overcast clouds
637,Mundo Nuevo,MX,2022-05-24 00:53:37,18.7,-95.5,81.95,79,2,15.93,clear sky
638,Shirokiy,RU,2022-05-24 00:53:37,49.758,129.523,49.68,78,100,11.32,overcast clouds
639,Mahanje,TZ,2022-05-24 00:53:37,-9.9333,35.3333,59.16,91,74,1.36,broken clouds
640,Namtsy,RU,2022-05-24 00:53:37,62.7161,129.6658,53.13,71,100,4.92,light rain
641,Hay River,CA,2022-05-24 00:53:38,60.8156,-115.7999,42.76,48,75,10.36,broken clouds
642,Paso De Patria,AR,2022-05-24 00:53:38,-27.2454,-58.5454,64.45,84,0,7.96,clear sky
643,Homestead,US,2022-05-24 00:54:38,25.4687,-80.4776,83.01,87,75,11.5,light intensity drizzle
644,Sundargarh,IN,2022-05-24 00:54:39,22.1167,84.0333,84.42,54,4,5.5,clear sky
645,Bosobolo,CD,2022-05-24 00:54:39,4.1833,19.9,69.22,99,100,3.15,moderate rain
646,Sinor,IN,2022-05-24 00:54:39,21.9167,73.3333,84.22,71,1,12.15,clear sky
647,Melito Di Porto Salvo,IT,2022-05-24 00:54:40,37.9222,15.7714,73.29,45,1,4.61,clear sky
648,Anchorage,US,2022-05-24 00:54:40,61.2181,-149.9003,63.48,54,40,17.27,scattered clouds
649,Flin Flon,CA,2022-05-24 00:51:52,54.7682,-101.865,55.31,30,100,10.09,overcast clouds
650,Skagen,DK,2022-05-24 00:54:40,57.7209,10.5839,53.51,77,100,27.67,overcast clouds
651,Katherine,AU,2022-05-24 00:54:41,-14.4667,132.2667,84.52,39,35,11.5,scattered clouds
652,Dudinka,RU,2022-05-24 00:54:41,69.4058,86.1778,33.62,82,100,13.87,overcast clouds
653,Tiznit,MA,2022-05-24 00:54:41,29.5833,-9.5,65.62,73,1,1.54,clear sky
654,Winnemucca,US,2022-05-24 00:50:02,40.973,-117.7357,75.25,13,0,9.22,clear sky
655,Ostrovnoy,RU,2022-05-24 00:54:42,68.0531,39.5131,32.13,84,100,15.52,overcast clouds
656,Kamloops,CA,2022-05-24 00:54:42,50.6665,-120.3192,65.39,60,75,8.05,broken clouds
657,Saurimo,AO,2022-05-24 00:54:42,-9.6608,20.3916,59.7,41,57,5.97,broken clouds
658,Mogadishu,SO,2022-05-24 00:54:43,2.0371,45.3438,79.5,88,99,14.2,overcast clouds
659,Kysyl-Syr,RU,2022-05-24 00:54:43,63.8986,122.7617,49.39,91,100,3.98,light rain
660,Skelleftea,SE,2022-05-24 00:54:43,64.7507,20.9528,44.96,61,45,4.61,scattered clouds
661,Jiamusi,CN,2022-05-24 00:54:44,46.8333,130.35,69.37,51,99,10.78,light rain
662,Saint-Joseph,RE,2022-05-24 00:54:44,-21.3667,55.6167,68.38,78,46,12.55,scattered clouds
663,Penha,BR,2022-05-24 00:51:20,-26.7694,-48.6458,60.67,94,0,5.75,clear sky
664,Ugoofaaru,MV,2022-05-24 00:54:44,5.6667,73.0,83.26,76,100,14.76,overcast clouds
665,Yuanping,CN,2022-05-24 00:54:45,38.7153,112.7575,72.14,46,5,2.04,clear sky
666,Salinopolis,BR,2022-05-24 00:52:18,-0.6136,-47.3561,76.91,87,100,6.51,overcast clouds
667,Boguchany,RU,2022-05-24 00:54:45,58.3814,97.4531,63.21,53,100,4.16,overcast clouds
668,Balaipungut,ID,2022-05-24 00:54:45,1.05,101.2833,77.76,94,100,1.32,overcast clouds
669,Kailua,US,2022-05-24 00:54:46,21.4022,-157.7394,81.14,71,100,13.8,overcast clouds
670,Wagar,SD,2022-05-24 00:54:46,16.1525,36.2032,83.61,33,4,12.55,clear sky
671,Sao Cristovao,BR,2022-05-24 00:54:46,-11.0147,-37.2064,80.51,65,20,13.8,few clouds
672,Kiunga,PG,2022-05-24 00:54:47,-6.1219,141.2906,84.45,71,73,3.06,broken clouds
673,Awjilah,LY,2022-05-24 00:54:47,29.1081,21.2869,74.57,11,0,9.89,clear sky
